/* Table: dealership */
INSERT INTO dealership (NAME) VALUES ('ABV Automobile GmbH');
INSERT INTO dealership (NAME) VALUES ('aurego GmbH');
INSERT INTO dealership (NAME) VALUES ('Auto Beckmann GmbH');
INSERT INTO dealership (NAME) VALUES ('Auto Bierschneider GmbH');
INSERT INTO dealership (NAME) VALUES ('Auto Thomas GmbH & Co. KG');
INSERT INTO dealership (NAME) VALUES ('Auto Zentrum Nürnberg - Feser GmbH');
INSERT INTO dealership (NAME) VALUES ('Autocenter Dresen GmbH');
INSERT INTO dealership (NAME) VALUES ('Autocenter Leinefelde GmbH');
INSERT INTO dealership (NAME) VALUES ('Autohaus Alsbach Bayram GmbH');
INSERT INTO dealership (NAME) VALUES ('Autohaus am Bungsberg GmbH & Co. KG');
INSERT INTO dealership (NAME) VALUES ('Autohaus am Lichtenberg GmbH');
INSERT INTO dealership (NAME) VALUES ('Autohaus Bellendorf GmbH');
INSERT INTO dealership (NAME) VALUES ('Autohaus Berglar GmbH');
INSERT INTO dealership (NAME) VALUES ('Autohaus Bergmann Niederlassung der Autohaus Wernigerode GmbH');
INSERT INTO dealership (NAME) VALUES ('Autohaus Brass Aschaffenburg GmbH & Co. KG');
INSERT INTO dealership (NAME) VALUES ('Autohaus Brass Frankfurt GmbH & Co. KG');
INSERT INTO dealership (NAME) VALUES ('Autohaus Brütsch GmbH');
INSERT INTO dealership (NAME) VALUES ('Autohaus Buddensiek GmbH');
INSERT INTO dealership (NAME) VALUES ('Autohaus Cordes GmbH & Co. KG');
INSERT INTO dealership (NAME) VALUES ('Autohaus Derno GmbH');
INSERT INTO dealership (NAME) VALUES ('Autohaus Evers GmbH & Co. KG');
INSERT INTO dealership (NAME) VALUES ('Autohaus Früchtl GmbH');
INSERT INTO dealership (NAME) VALUES ('Autohaus Fuhrmann e.K.');
INSERT INTO dealership (NAME) VALUES ('Autohaus Gärth GmbH & Co. KG');
INSERT INTO dealership (NAME) VALUES ('Autohaus Gerstenmaier GmbH');
INSERT INTO dealership (NAME) VALUES ('Autohaus Habinghorst');
INSERT INTO dealership (NAME) VALUES ('Autohaus Hartmann GmbH');
INSERT INTO dealership (NAME) VALUES ('Autohaus Heiler');
INSERT INTO dealership (NAME) VALUES ('Autohaus Holzberg GmbH');
INSERT INTO dealership (NAME) VALUES ('Autohaus Hoppe GmbH');
INSERT INTO dealership (NAME) VALUES ('Autohaus Hüttel GmbH');
INSERT INTO dealership (NAME) VALUES ('Autohaus Jacob Fleischhauer GmbH & Co. KG ');
INSERT INTO dealership (NAME) VALUES ('Autohaus Jacob Fleischhauer GmbH & Co. KG');
INSERT INTO dealership (NAME) VALUES ('Autohaus König');
INSERT INTO dealership (NAME) VALUES ('Autohaus Krenz');
INSERT INTO dealership (NAME) VALUES ('Autohaus Kühl GmbH & Co. KG');
INSERT INTO dealership (NAME) VALUES ('Autohaus Louis Dresen GmbH');
INSERT INTO dealership (NAME) VALUES ('Autohaus Marnet GmbH & Co. KG');
INSERT INTO dealership (NAME) VALUES ('Autohaus Petri GmbH');
INSERT INTO dealership (NAME) VALUES ('Autohaus Platzer & Wimmer GmbH');
INSERT INTO dealership (NAME) VALUES ('Autohaus Rastetter GmbH');
INSERT INTO dealership (NAME) VALUES ('Autohaus Rauhöft');
INSERT INTO dealership (NAME) VALUES ('Autohaus Roschk GmbH & Co. KG');
INSERT INTO dealership (NAME) VALUES ('Autohaus Saur GmbH & Co. KG');
INSERT INTO dealership (NAME) VALUES ('Autohaus Scherer GmbH & Co. KG');
INSERT INTO dealership (NAME) VALUES ('Autohaus Seitz GmbH');
INSERT INTO dealership (NAME) VALUES ('Autohaus Sievert GmbH');
INSERT INTO dealership (NAME) VALUES ('Autohaus Stenger GmbH');
INSERT INTO dealership (NAME) VALUES ('Autohaus Stöber GmbH & Co. KG');
INSERT INTO dealership (NAME) VALUES ('Autohaus Weiland GmbH');
INSERT INTO dealership (NAME) VALUES ('Autohaus Wenger & Parschau GmbH');
INSERT INTO dealership (NAME) VALUES ('Autohaus Wiegand Gelnhausen GmbH');
INSERT INTO dealership (NAME) VALUES ('Autohaus Wildi oHG');
INSERT INTO dealership (NAME) VALUES ('Autohof Reimers GmbH');
INSERT INTO dealership (NAME) VALUES ('Auto-Technik Dähne GmbH');
INSERT INTO dealership (NAME) VALUES ('Autowelt Schuler Horgen GmbH');
INSERT INTO dealership (NAME) VALUES ('Autozentrum Nord GmbH');
INSERT INTO dealership (NAME) VALUES ('C.Thomsen GmbH');
INSERT INTO dealership (NAME) VALUES ('CarUnion HESS GmbH');
INSERT INTO dealership (NAME) VALUES ('CarUnion Primus GmbH');
INSERT INTO dealership (NAME) VALUES ('D + G Automobile Inh. G. Hoensch');
INSERT INTO dealership (NAME) VALUES ('Ehrhardt AG NL Eisenach');
INSERT INTO dealership (NAME) VALUES ('Elspass Autoland GmbH & Co. KG');
INSERT INTO dealership (NAME) VALUES ('Ernst Piepenstock GmbH & Co. KG');
INSERT INTO dealership (NAME) VALUES ('Feser Lauf GmbH');
INSERT INTO dealership (NAME) VALUES ('Feser Magdeburg GmbH');
INSERT INTO dealership (NAME) VALUES ('Gottfried Schultz Automobilhandels SE');
INSERT INTO dealership (NAME) VALUES ('Graf Hardenberg GmbH');
INSERT INTO dealership (NAME) VALUES ('Grassow''s Automobile GmbH');
INSERT INTO dealership (NAME) VALUES ('Heinrich Thomas GmbH & Co. KG');
INSERT INTO dealership (NAME) VALUES ('Henke Automobile GmbH & Co. KG');
INSERT INTO dealership (NAME) VALUES ('MGS Motor Gruppe Sticht GmbH & Co. KG');
INSERT INTO dealership (NAME) VALUES ('MGS Motor Gruppe Sticht GmbH & Co. KG');
INSERT INTO dealership (NAME) VALUES ('Scheller Beteiligungsgesellschaft mbH');
INSERT INTO dealership (NAME) VALUES ('Scherer GmbH & Co. KG Mainz');
INSERT INTO dealership (NAME) VALUES ('Scherer GmbH & Co. KG');
INSERT INTO dealership (NAME) VALUES ('Schmidt + Koch GmbH');
INSERT INTO dealership (NAME) VALUES ('Schneider Automobile GmbH & Co. KG');
INSERT INTO dealership (NAME) VALUES ('Schwaba Autocenter Zweigniederlassung der Schwaba GmbH');
INSERT INTO dealership (NAME) VALUES ('Senger Holstein GmbH');
INSERT INTO dealership (NAME) VALUES ('Spindler SEWÜ GmbH');
INSERT INTO dealership (NAME) VALUES ('Tiemeyer automobile BO GmbH & Co. KG');
INSERT INTO dealership (NAME) VALUES ('Warmuth Mobile GmbH');
INSERT INTO dealership (NAME) VALUES ('Wentorf & Schenkhut GmbH');
INSERT INTO dealership (NAME) VALUES ('*P.A. AUTOFORUM, S.A. DE C.V.');
INSERT INTO dealership (NAME) VALUES ('*P.A. AUTOSUR, S.A. DE C.V. (CD. DEL CARMEN)');
INSERT INTO dealership (NAME) VALUES ('*Rasch* Automobile GmbH');
INSERT INTO dealership (NAME) VALUES ('*S.V. FURIA MOTORS MÉXICO');
INSERT INTO dealership (NAME) VALUES ('*S.V. SENSACIÓN CITY - ORIZABA');
INSERT INTO dealership (NAME) VALUES ('24CONSULTING');
INSERT INTO dealership (NAME) VALUES ('A. MAKRIS SA KIFISIAS');
INSERT INTO dealership (NAME) VALUES ('aaaa');
INSERT INTO dealership (NAME) VALUES ('ABB AH Görlitz GmbH');
INSERT INTO dealership (NAME) VALUES ('ABR Automobilvertriebs GmbH');
INSERT INTO dealership (NAME) VALUES ('AC Kotromanovic d.o.o.');
INSERT INTO dealership (NAME) VALUES ('Aftén Bil');
INSERT INTO dealership (NAME) VALUES ('AGRICOLA Y AUTOMOTRIZ, S.A. DE C.V.');
INSERT INTO dealership (NAME) VALUES ('AGRÍCOLA Y AUTOMOTRIZ, S.A. DE C.V.');
INSERT INTO dealership (NAME) VALUES ('AH Igerc');
INSERT INTO dealership (NAME) VALUES ('AH Knoll');
INSERT INTO dealership (NAME) VALUES ('AH Lang');
INSERT INTO dealership (NAME) VALUES ('AH Reichl');
INSERT INTO dealership (NAME) VALUES ('AH Schmitz GmbH & Co. KG');
INSERT INTO dealership (NAME) VALUES ('AH Schwandl');
INSERT INTO dealership (NAME) VALUES ('AH Vierthaler');
INSERT INTO dealership (NAME) VALUES ('AH Waldviertel');
INSERT INTO dealership (NAME) VALUES ('AHC Grupa Cichy');
INSERT INTO dealership (NAME) VALUES ('AHG GmbH');
INSERT INTO dealership (NAME) VALUES ('AHLATCI S');
INSERT INTO dealership (NAME) VALUES ('Alexandra Weinzierl e.K.');
INSERT INTO dealership (NAME) VALUES ('Allied Motors');
INSERT INTO dealership (NAME) VALUES ('Altenburg-Garage AG');
INSERT INTO dealership (NAME) VALUES ('Alternative Cars S.A.');
INSERT INTO dealership (NAME) VALUES ('Alterswil, Brügger');
INSERT INTO dealership (NAME) VALUES ('Altstätten, Gschwend');
INSERT INTO dealership (NAME) VALUES ('ALTUR');
INSERT INTO dealership (NAME) VALUES ('ALVIN');
INSERT INTO dealership (NAME) VALUES ('AMAG Aarau');
INSERT INTO dealership (NAME) VALUES ('AMAG Autowelt Zürich');
INSERT INTO dealership (NAME) VALUES ('AMAG Basel');
INSERT INTO dealership (NAME) VALUES ('AMAG Beromunster');
INSERT INTO dealership (NAME) VALUES ('AMAG Beromünster');
INSERT INTO dealership (NAME) VALUES ('AMAG Biel/Bienne');
INSERT INTO dealership (NAME) VALUES ('AMAG Breganzona');
INSERT INTO dealership (NAME) VALUES ('AMAG Cham');
INSERT INTO dealership (NAME) VALUES ('AMAG Châtelaine');
INSERT INTO dealership (NAME) VALUES ('AMAG Crissier');
INSERT INTO dealership (NAME) VALUES ('AMAG Etoy');
INSERT INTO dealership (NAME) VALUES ('Amag Fribourg');
INSERT INTO dealership (NAME) VALUES ('AMAG Gümligen');
INSERT INTO dealership (NAME) VALUES ('AMAG Import');
INSERT INTO dealership (NAME) VALUES ('AMAG Import AG');
INSERT INTO dealership (NAME) VALUES ('AMAG Pratteln');
INSERT INTO dealership (NAME) VALUES ('AMAG Thun');
INSERT INTO dealership (NAME) VALUES ('AMAG Zentralverwaltung');
INSERT INTO dealership (NAME) VALUES ('AMAG Zuchwil');
INSERT INTO dealership (NAME) VALUES ('AMAG Zug');
INSERT INTO dealership (NAME) VALUES ('AMARCO CAR');
INSERT INTO dealership (NAME) VALUES ('AMB Automobile Borna GmbH');
INSERT INTO dealership (NAME) VALUES ('AMICAR S.R.L.');
INSERT INTO dealership (NAME) VALUES ('Amsterdam');
INSERT INTO dealership (NAME) VALUES ('ANCRISA');
INSERT INTO dealership (NAME) VALUES ('ANGOULINS');
INSERT INTO dealership (NAME) VALUES ('ARAGON TOP CAR');
INSERT INTO dealership (NAME) VALUES ('ARAVER CZ, s.r.o.');
INSERT INTO dealership (NAME) VALUES ('Archibalds');
INSERT INTO dealership (NAME) VALUES ('ARG Auto-Rheinland GmbH');
INSERT INTO dealership (NAME) VALUES ('ARLANZON MOTOR');
INSERT INTO dealership (NAME) VALUES ('Arnold Clark SEAT Glasgow');
INSERT INTO dealership (NAME) VALUES ('ARTIGUES PRES BORDEAUX');
INSERT INTO dealership (NAME) VALUES ('AS - Automobile GmbH');
INSERT INTO dealership (NAME) VALUES ('ASB Autohaus Berlin GmbH');
INSERT INTO dealership (NAME) VALUES ('Ascona, Sant Antonio-Car SA');
INSERT INTO dealership (NAME) VALUES ('ASİL');
INSERT INTO dealership (NAME) VALUES ('ATB Autotechnik GmbH Bamberg-Schweinfurt');
INSERT INTO dealership (NAME) VALUES ('ATLANTICO SAS');
INSERT INTO dealership (NAME) VALUES ('ATTARLAR');
INSERT INTO dealership (NAME) VALUES ('Atteviks');
INSERT INTO dealership (NAME) VALUES ('AUBAGNE');
INSERT INTO dealership (NAME) VALUES ('AUBIERE');
INSERT INTO dealership (NAME) VALUES ('Audi');
INSERT INTO dealership (NAME) VALUES ('Audi Hamburg GmbH');
INSERT INTO dealership (NAME) VALUES ('Audi Zentrum Aachen Jacobs Automobile GmbH, Zweigniederlassung Düren');
INSERT INTO dealership (NAME) VALUES ('Audi Zentrum Ingolstadt Karl Brod GmbH');
INSERT INTO dealership (NAME) VALUES ('Auothaus Koitz');
INSERT INTO dealership (NAME) VALUES ('aurego GmbH');
INSERT INTO dealership (NAME) VALUES ('Ausee Garage AG');
INSERT INTO dealership (NAME) VALUES ('Australia');
INSERT INTO dealership (NAME) VALUES ('AUT. SALA RODRIGUEZ');
INSERT INTO dealership (NAME) VALUES ('Author');
INSERT INTO dealership (NAME) VALUES ('Auto & Service PIA GmbH');
INSERT INTO dealership (NAME) VALUES ('Auto & Service PIA GmbH München West');
INSERT INTO dealership (NAME) VALUES ('Auto Bauer GmbH');
INSERT INTO dealership (NAME) VALUES ('Auto Beckmann GmbH');
INSERT INTO dealership (NAME) VALUES ('Auto Bierschneider GmbH');
INSERT INTO dealership (NAME) VALUES ('Auto BNP');
INSERT INTO dealership (NAME) VALUES ('Auto Center Göltzschtal');
INSERT INTO dealership (NAME) VALUES ('Auto Center Zaventem');
INSERT INTO dealership (NAME) VALUES ('Auto Crump GmbH');
INSERT INTO dealership (NAME) VALUES ('Auto Eberle');
INSERT INTO dealership (NAME) VALUES ('Auto Emotion GmbH & Co. KG');
INSERT INTO dealership (NAME) VALUES ('Auto Epple Erich Epple GmbH');
INSERT INTO dealership (NAME) VALUES ('AUTO ESTELLER');
INSERT INTO dealership (NAME) VALUES ('Auto Esthofer Team GmbH');
INSERT INTO dealership (NAME) VALUES ('Auto Gazda');
INSERT INTO dealership (NAME) VALUES ('Auto Halbig GmbH & Co. KG');
INSERT INTO dealership (NAME) VALUES ('AUTO HALL');
INSERT INTO dealership (NAME) VALUES ('Auto House Koge');
INSERT INTO dealership (NAME) VALUES ('Auto Jäger GmbH');
INSERT INTO dealership (NAME) VALUES ('Auto Jarov');
INSERT INTO dealership (NAME) VALUES ('AUTO JAROV, s.r.o.');
INSERT INTO dealership (NAME) VALUES ('Auto Kölbl GmbH');
INSERT INTO dealership (NAME) VALUES ('Auto Krälemann GmbH');
INSERT INTO dealership (NAME) VALUES ('Auto Lange GmbH & Co. KG');
INSERT INTO dealership (NAME) VALUES ('Auto Maran');
INSERT INTO dealership (NAME) VALUES ('Auto Miras Sp. z o.o');
INSERT INTO dealership (NAME) VALUES ('AUTO MORIZ');
INSERT INTO dealership (NAME) VALUES ('Auto Natie');
INSERT INTO dealership (NAME) VALUES ('AUTO NEUBRUCK AG');
INSERT INTO dealership (NAME) VALUES ('Auto Neubrück AG');
INSERT INTO dealership (NAME) VALUES ('Auto Östringer GmbH');
INSERT INTO dealership (NAME) VALUES ('Auto Paier GmbH');
INSERT INTO dealership (NAME) VALUES ('Auto Palace Západ s.r.o.');
INSERT INTO dealership (NAME) VALUES ('AUTO PO SRL');
INSERT INTO dealership (NAME) VALUES ('AUTO R S.R.L.');
INSERT INTO dealership (NAME) VALUES ('Auto Regli GmbH');
INSERT INTO dealership (NAME) VALUES ('Auto Rüger AG Wilderswil');
INSERT INTO dealership (NAME) VALUES ('Auto Salon Margo-Szczotok Sp.J.');
INSERT INTO dealership (NAME) VALUES ('AUTO SALON SWITOn-PACZKOWSKI');
INSERT INTO dealership (NAME) VALUES ('Auto Schirra GmbH');
INSERT INTO dealership (NAME) VALUES ('Auto Singer GmbH & Co. KG');
INSERT INTO dealership (NAME) VALUES ('Auto Strasser GmbH & Co. KG');
INSERT INTO dealership (NAME) VALUES ('AUTO SYSTEM S.R.L.');
INSERT INTO dealership (NAME) VALUES ('AUTO TALLERES TORRES');
INSERT INTO dealership (NAME) VALUES ('Auto Thomas GmbH');
INSERT INTO dealership (NAME) VALUES ('Auto Thomas GmbH & Co. KG');
INSERT INTO dealership (NAME) VALUES ('Auto und Spaß');
INSERT INTO dealership (NAME) VALUES ('Auto Weller Deutschland GmbH');
INSERT INTO dealership (NAME) VALUES ('Auto Weller Deutschland GmbH & Co. KG');
INSERT INTO dealership (NAME) VALUES ('Auto Zentrum Nürnberg - Feser GmbH');
INSERT INTO dealership (NAME) VALUES ('Auto Zentrum Odenwald e.K.');
INSERT INTO dealership (NAME) VALUES ('Auto Zolleis Inh. Helmut Zolleis');
INSERT INTO dealership (NAME) VALUES ('Autobedrijf Deckx-Team NV');
INSERT INTO dealership (NAME) VALUES ('Auto-Blak');
INSERT INTO dealership (NAME) VALUES ('AutoBrava Riga');
INSERT INTO dealership (NAME) VALUES ('AutoCenter Benz GmbH');
INSERT INTO dealership (NAME) VALUES ('Autocenter Leinefelde GmbH');
INSERT INTO dealership (NAME) VALUES ('Autocentralen');
INSERT INTO dealership (NAME) VALUES ('Autocentralen Esbjerg');
INSERT INTO dealership (NAME) VALUES ('Autocentralen Kolding');
INSERT INTO dealership (NAME) VALUES ('Autocentralen Vejle');
INSERT INTO dealership (NAME) VALUES ('Auto-Centralen Vejle');
INSERT INTO dealership (NAME) VALUES ('AUTOCENTRO BAISTROCCHI S.P.A.');
INSERT INTO dealership (NAME) VALUES ('AUTOCENTRUM JAN SMUCLER s.r.o');
INSERT INTO dealership (NAME) VALUES ('AUTOCENTRUM JAN ŠMUCLER s.r.o. - Plzeň');
INSERT INTO dealership (NAME) VALUES ('AUTOCENTRUM OLOMOUC s.r.o.');
INSERT INTO dealership (NAME) VALUES ('AUTOCOGLIATI S.P.A.');
INSERT INTO dealership (NAME) VALUES ('Autoemotion Koch GmbH');
INSERT INTO dealership (NAME) VALUES ('AUTOESTELLER');
INSERT INTO dealership (NAME) VALUES ('AUTOFORUM S.A. DE C.V.');
INSERT INTO dealership (NAME) VALUES ('AUTOFORUM S.A. DE C.V. (SUCURSAL TEHUACÁN)');
INSERT INTO dealership (NAME) VALUES ('Autogalerie Köhler GmbH');
INSERT INTO dealership (NAME) VALUES ('Auto-Gazda');
INSERT INTO dealership (NAME) VALUES ('Autohaus');
INSERT INTO dealership (NAME) VALUES ('Autohaus A.Kulzer Inh.J.Trundt');
INSERT INTO dealership (NAME) VALUES ('Autohaus Albertsmeyer Nordhausen GmbH & Co. KG');
INSERT INTO dealership (NAME) VALUES ('Autohaus am Bungsberg GmbH & Co. KG');
INSERT INTO dealership (NAME) VALUES ('Autohaus Am Südbahnhof GmbH & Co. KG');
INSERT INTO dealership (NAME) VALUES ('Autohaus Amann GmbH');
INSERT INTO dealership (NAME) VALUES ('Autohaus Amsl, Inhaber Thomas Amsl');
INSERT INTO dealership (NAME) VALUES ('Autohaus An der Aue GmbH');
INSERT INTO dealership (NAME) VALUES ('Autohaus Arndt GmbH & CO. KG');
INSERT INTO dealership (NAME) VALUES ('Autohaus Arnegger, Zwndl.');
INSERT INTO dealership (NAME) VALUES ('Autohaus Arnegger, Zwndl. der Autohaus Sehner GmbH & Co. KG');
INSERT INTO dealership (NAME) VALUES ('Autohaus Aschauer GmbH');
INSERT INTO dealership (NAME) VALUES ('Autohaus Bahm GmbH');
INSERT INTO dealership (NAME) VALUES ('Autohaus Bauer e.K. Inhaber Jürgen Bauer');
INSERT INTO dealership (NAME) VALUES ('Autohaus Baumann GmbH');
INSERT INTO dealership (NAME) VALUES ('Autohaus Bäumer GmbH');
INSERT INTO dealership (NAME) VALUES ('Autohaus Beer Kfz GbR');
INSERT INTO dealership (NAME) VALUES ('Autohaus Bellendorf GmbH');
INSERT INTO dealership (NAME) VALUES ('Autohaus Berger');
INSERT INTO dealership (NAME) VALUES ('Autohaus Berolina GmbH');
INSERT INTO dealership (NAME) VALUES ('Autohaus Boullier GmbH Betriebsstätte Löhne');
INSERT INTO dealership (NAME) VALUES ('Autohaus Brass Aschaffen burg GmbH & Co. KG');
INSERT INTO dealership (NAME) VALUES ('Autohaus Brass Aschaffenburg GmbH & Co. KG');
INSERT INTO dealership (NAME) VALUES ('Autohaus Brass Darmstadt GmbH & Co KG');
INSERT INTO dealership (NAME) VALUES ('Autohaus Brass Frankfurt GmbH & Co. KG');
INSERT INTO dealership (NAME) VALUES ('Autohaus Brütsch GmbH');
INSERT INTO dealership (NAME) VALUES ('Autohaus Büchle GmbH');
INSERT INTO dealership (NAME) VALUES ('Autohaus Burger GmbH & Co. KG');
INSERT INTO dealership (NAME) VALUES ('Autohaus Christiäner GmbH & Co. KG');
INSERT INTO dealership (NAME) VALUES ('Autohaus Christmann GmbH');
INSERT INTO dealership (NAME) VALUES ('Autohaus Claas Penning GmbH');
INSERT INTO dealership (NAME) VALUES ('Autohaus Dallgow GmbH');
INSERT INTO dealership (NAME) VALUES ('Autohaus Dehner GmbH');
INSERT INTO dealership (NAME) VALUES ('Autohaus del Sol, Zweign. der Volkswagen Zentrum Karlsruhe GmbH');
INSERT INTO dealership (NAME) VALUES ('Autohaus Dresden Reick GmbH & Co. KG');
INSERT INTO dealership (NAME) VALUES ('Autohaus Duingen GmbH');
INSERT INTO dealership (NAME) VALUES ('Autohaus Ehingen GmbH');
INSERT INTO dealership (NAME) VALUES ('Autohaus Elitzsch GmbH');
INSERT INTO dealership (NAME) VALUES ('Autohaus Elmar Fahrbach');
INSERT INTO dealership (NAME) VALUES ('Autohaus Esthofer GmbH');
INSERT INTO dealership (NAME) VALUES ('Autohaus Evers GmbH & Co. KG');
INSERT INTO dealership (NAME) VALUES ('Autohaus F. Knoll GmbH');
INSERT INTO dealership (NAME) VALUES ('Autohaus Feicht GmbH');
INSERT INTO dealership (NAME) VALUES ('Autohaus Feser GmbH');
INSERT INTO dealership (NAME) VALUES ('Autohaus Festl, Inh. Jasmin Festl');
INSERT INTO dealership (NAME) VALUES ('Autohaus Fischbach GmbH & Co. KG');
INSERT INTO dealership (NAME) VALUES ('Autohaus Fischer GmbH');
INSERT INTO dealership (NAME) VALUES ('Autohaus Frank Nagel');
INSERT INTO dealership (NAME) VALUES ('Autohaus Franz Lutz GmbH & Co. KG');
INSERT INTO dealership (NAME) VALUES ('Autohaus Früchtl GmbH');
INSERT INTO dealership (NAME) VALUES ('Autohaus G. Lo Destro GmbH');
INSERT INTO dealership (NAME) VALUES ('Autohaus Gebr. Schwarte Aurich GmbH');
INSERT INTO dealership (NAME) VALUES ('Autohaus Gerken GmbH & Co. KG');
INSERT INTO dealership (NAME) VALUES ('Autohaus Gerstenberger GmbH');
INSERT INTO dealership (NAME) VALUES ('Autohaus Gerstenmaier GmbH');
INSERT INTO dealership (NAME) VALUES ('Autohaus Gerwins GmbH');
INSERT INTO dealership (NAME) VALUES ('Autohaus Glinicke GmbH');
INSERT INTO dealership (NAME) VALUES ('Autohaus Günnel e.K., Inhaberin Claudia Günnel');
INSERT INTO dealership (NAME) VALUES ('Autohaus Häcki AG');
INSERT INTO dealership (NAME) VALUES ('Autohaus Hartner GmbH');
INSERT INTO dealership (NAME) VALUES ('Autohaus Herklotz GmbH');
INSERT INTO dealership (NAME) VALUES ('Autohaus Hessenkassel  GmbH+Co. Vertriebs KG');
INSERT INTO dealership (NAME) VALUES ('Autohaus Hessenkassel GmbH+Co. Vertriebs KG');
INSERT INTO dealership (NAME) VALUES ('Autohaus Himpel GmbH');
INSERT INTO dealership (NAME) VALUES ('Autohaus Holm Wirthgen GmbH & Co. KG');
INSERT INTO dealership (NAME) VALUES ('Autohaus Holzberg GmbH');
INSERT INTO dealership (NAME) VALUES ('Autohaus Igerc GmbH');
INSERT INTO dealership (NAME) VALUES ('Autohaus Jacob Fleischhauer GmbH & Co. KG');
INSERT INTO dealership (NAME) VALUES ('Autohaus Jörg Pattusch GmbH & Co. KG');
INSERT INTO dealership (NAME) VALUES ('Autohaus KAHLE Walsrode KG');
INSERT INTO dealership (NAME) VALUES ('Autohaus Kainbacher GmbH');
INSERT INTO dealership (NAME) VALUES ('Autohaus Kamper GmbH');
INSERT INTO dealership (NAME) VALUES ('Autohaus Kässner GmbH');
INSERT INTO dealership (NAME) VALUES ('Autohaus Klonowski GmbH');
INSERT INTO dealership (NAME) VALUES ('Autohaus Kobia GmbH');
INSERT INTO dealership (NAME) VALUES ('Autohaus Koch GmbH');
INSERT INTO dealership (NAME) VALUES ('Autohaus Köhler GmbH');
INSERT INTO dealership (NAME) VALUES ('Autohaus König');
INSERT INTO dealership (NAME) VALUES ('Autohaus Korte & Meyer GmbH & Co. KG');
INSERT INTO dealership (NAME) VALUES ('Autohaus Kowalski GmbH');
INSERT INTO dealership (NAME) VALUES ('Autohaus Kühl');
INSERT INTO dealership (NAME) VALUES ('Autohaus Kühl GmbH & Co. KG');
INSERT INTO dealership (NAME) VALUES ('Autohaus Kuhn & Witte GmbH & Co. KG');
INSERT INTO dealership (NAME) VALUES ('Autohaus Kühn e.K.');
INSERT INTO dealership (NAME) VALUES ('Autohaus Kuska & Hladky GmbH');
INSERT INTO dealership (NAME) VALUES ('Autohaus Lackmann GmbH');
INSERT INTO dealership (NAME) VALUES ('Autohaus Ladurner GmbH');
INSERT INTO dealership (NAME) VALUES ('Autohaus Laimer');
INSERT INTO dealership (NAME) VALUES ('Autohaus Laufenberg GmbH');
INSERT INTO dealership (NAME) VALUES ('Autohaus Leonhardt GmbH');
INSERT INTO dealership (NAME) VALUES ('Autohaus Lossburg GmbH');
INSERT INTO dealership (NAME) VALUES ('Autohaus Marnet GmbH & Co. KG');
INSERT INTO dealership (NAME) VALUES ('Autohaus Max Schultz GmbH & Co. KG');
INSERT INTO dealership (NAME) VALUES ('Autohaus Metz GmbH');
INSERT INTO dealership (NAME) VALUES ('Autohaus Minrath GmbH & Co. KG');
INSERT INTO dealership (NAME) VALUES ('Autohaus Müller Paunsdorf');
INSERT INTO dealership (NAME) VALUES ('Autohaus Neumaier');
INSERT INTO dealership (NAME) VALUES ('Autohaus NORD Weski & Paul GmbH');
INSERT INTO dealership (NAME) VALUES ('Autohaus NORD Weski &Paul GmbH');
INSERT INTO dealership (NAME) VALUES ('Autohaus Oskar Bleicher GmbH & Co. KG');
INSERT INTO dealership (NAME) VALUES ('Autohaus Ost GmbH');
INSERT INTO dealership (NAME) VALUES ('Autohaus Ostermaier GmbH');
INSERT INTO dealership (NAME) VALUES ('Autohaus Ostmann Bad Arolsen GmbH');
INSERT INTO dealership (NAME) VALUES ('Autohaus Ostmann KG');
INSERT INTO dealership (NAME) VALUES ('Autohaus Ostmann Melsungen GmbH');
INSERT INTO dealership (NAME) VALUES ('Autohaus Otto');
INSERT INTO dealership (NAME) VALUES ('Autohaus Paier & Paier GmbH');
INSERT INTO dealership (NAME) VALUES ('Autohaus Peter Böhmer');
INSERT INTO dealership (NAME) VALUES ('Autohaus Petri, Inhaber Wolfgang Petri e.K.');
INSERT INTO dealership (NAME) VALUES ('Autohaus Pietsch GmbH');
INSERT INTO dealership (NAME) VALUES ('Autohaus Platzer & Wimmer GmbH');
INSERT INTO dealership (NAME) VALUES ('Autohaus Portak GmbH');
INSERT INTO dealership (NAME) VALUES ('Autohaus Prem GmbH');
INSERT INTO dealership (NAME) VALUES ('Autohaus Preuss GmbH');
INSERT INTO dealership (NAME) VALUES ('Autohaus Priewasser GmbH');
INSERT INTO dealership (NAME) VALUES ('Autohaus Punzenberger');
INSERT INTO dealership (NAME) VALUES ('Autohaus Rastetter GmbH');
INSERT INTO dealership (NAME) VALUES ('Autohaus Rausch GmbH');
INSERT INTO dealership (NAME) VALUES ('Autohaus Reichl GmbH & Co KG');
INSERT INTO dealership (NAME) VALUES ('Autohaus Rentsch GmbH');
INSERT INTO dealership (NAME) VALUES ('Autohaus Rinnetal GmbH');
INSERT INTO dealership (NAME) VALUES ('Autohaus Rudolf Streit e.K.');
INSERT INTO dealership (NAME) VALUES ('Autohaus Schäfer  Inh. Philipp Schäfer e.K.');
INSERT INTO dealership (NAME) VALUES ('Autohaus Schandert GmbH');
INSERT INTO dealership (NAME) VALUES ('Autohaus Schedler e.K. Inh. Mike Schedler');
INSERT INTO dealership (NAME) VALUES ('Autohaus Scherer GmbH & Co. KG');
INSERT INTO dealership (NAME) VALUES ('Autohaus Schlögl GmbH');
INSERT INTO dealership (NAME) VALUES ('Autohaus Schmitz GmbH');
INSERT INTO dealership (NAME) VALUES ('Autohaus Schnaitheim GmbH & Co. KG');
INSERT INTO dealership (NAME) VALUES ('Autohaus Seebacher GmbH & Co. KG');
INSERT INTO dealership (NAME) VALUES ('Autohaus Seitz GmbH');
INSERT INTO dealership (NAME) VALUES ('Autohaus Senker GmbH');
INSERT INTO dealership (NAME) VALUES ('Autohaus Sievert GmbH');
INSERT INTO dealership (NAME) VALUES ('Autohaus St. Kempl GmbH');
INSERT INTO dealership (NAME) VALUES ('Autohaus Stenger GmbH');
INSERT INTO dealership (NAME) VALUES ('Autohaus Stöber GmbH & Co KG');
INSERT INTO dealership (NAME) VALUES ('Autohaus Strasser GmbH');
INSERT INTO dealership (NAME) VALUES ('Autohaus Südhannover GmbH');
INSERT INTO dealership (NAME) VALUES ('Autohaus Südring GmbH');
INSERT INTO dealership (NAME) VALUES ('Autohaus van Kolck GmbH');
INSERT INTO dealership (NAME) VALUES ('Autohaus Vetter GmbH & Co KG');
INSERT INTO dealership (NAME) VALUES ('Autohaus Vetter Vertriebsgesellschaft mbh');
INSERT INTO dealership (NAME) VALUES ('Autohaus von der Weppen GmbH & Co. KG');
INSERT INTO dealership (NAME) VALUES ('Autohaus Wagner GmbH');
INSERT INTO dealership (NAME) VALUES ('Autohaus Waldviertel GmbH');
INSERT INTO dealership (NAME) VALUES ('Autohaus Weeber GmbH');
INSERT INTO dealership (NAME) VALUES ('Autohaus Weeber GmbH & Co. KG');
INSERT INTO dealership (NAME) VALUES ('Autohaus Weiland GmbH');
INSERT INTO dealership (NAME) VALUES ('Autohaus Wenger & Parschau GmbH');
INSERT INTO dealership (NAME) VALUES ('Autohaus Wenger&Parschau GmbH');
INSERT INTO dealership (NAME) VALUES ('Autohaus Werndl GmbH & Co.');
INSERT INTO dealership (NAME) VALUES ('Autohaus Wernigerode GmbH');
INSERT INTO dealership (NAME) VALUES ('Autohaus West Zweigbetrieb der Jepsen Automobilhandelsgesellschaft mbH');
INSERT INTO dealership (NAME) VALUES ('Autohaus Wiegele GmbH & Co KG');
INSERT INTO dealership (NAME) VALUES ('Autohaus Wilhelm Graf GmbH');
INSERT INTO dealership (NAME) VALUES ('Autohaus Willy Ernst GmbH');
INSERT INTO dealership (NAME) VALUES ('Autohaus Wilstacke+Growe GmbH & Co. KG');
INSERT INTO dealership (NAME) VALUES ('Autohaus Wolf GmbH');
INSERT INTO dealership (NAME) VALUES ('Autohaus Wolfgang Fritz');
INSERT INTO dealership (NAME) VALUES ('Autohaus Zellhuber e.K.');
INSERT INTO dealership (NAME) VALUES ('Auto-Häuser GmbH & Co. KG');
INSERT INTO dealership (NAME) VALUES ('Autohof Altfranken GmbH');
INSERT INTO dealership (NAME) VALUES ('Auto-Hofmann GmbH & Co.KG');
INSERT INTO dealership (NAME) VALUES ('Auto-House Køge');
INSERT INTO dealership (NAME) VALUES ('Autohuset Kronsbjerg Odense');
INSERT INTO dealership (NAME) VALUES ('AUTOIONA'' S.R.L.');
INSERT INTO dealership (NAME) VALUES ('Auto-Krause GmbH & Co. KG');
INSERT INTO dealership (NAME) VALUES ('AUTOLEONE 2 S.R.L.');
INSERT INTO dealership (NAME) VALUES ('AUTOLUX, S.A. DE C.V.');
INSERT INTO dealership (NAME) VALUES ('AUTOLUX, S.A. DE C.V. SUC. CANCUN');
INSERT INTO dealership (NAME) VALUES ('AUTOM. SALA RODRIGUEZ');
INSERT INTO dealership (NAME) VALUES ('AUTOMOBILE CENTRE MECHELEN');
INSERT INTO dealership (NAME) VALUES ('Automobiles Senn S.A.');
INSERT INTO dealership (NAME) VALUES ('Automobiles SENN SA');
INSERT INTO dealership (NAME) VALUES ('AUTOMOCIÓN PÉREZ RUMBAO');
INSERT INTO dealership (NAME) VALUES ('AUTOMOCION TERRY');
INSERT INTO dealership (NAME) VALUES ('AUTOMOTOR Y SERVICIOS');
INSERT INTO dealership (NAME) VALUES ('AUTOMOTORES AZCAPOTZALCO, S.A. DE C.V.');
INSERT INTO dealership (NAME) VALUES ('AUTOMOTRIZ BONN DORADA, S.A. DE C.V.');
INSERT INTO dealership (NAME) VALUES ('AUTOMOTRIZ BONN, S.A. DE C.V.');
INSERT INTO dealership (NAME) VALUES ('AUTOMOTRIZ CATALANA, S.A. DE C.V.');
INSERT INTO dealership (NAME) VALUES ('AUTOMOTRIZ SINALOENSE, S.A. DE C.V.');
INSERT INTO dealership (NAME) VALUES ('AUTOMOTRIZ TRANSMAR DE CORTES, S.A. DE C.V.');
INSERT INTO dealership (NAME) VALUES ('AUTOMÓVILES COMPACTOS DE SAN LUIS, S.A. DE C.V.');
INSERT INTO dealership (NAME) VALUES ('Automoviles Galindo');
INSERT INTO dealership (NAME) VALUES ('AUTOMOVILES RUEDA');
INSERT INTO dealership (NAME) VALUES ('AUTOMOVILES SANCHEZ');
INSERT INTO dealership (NAME) VALUES ('AUTOMOVILES SERRABLO');
INSERT INTO dealership (NAME) VALUES ('AUTONOVA, s.r.o.    ');
INSERT INTO dealership (NAME) VALUES ('AUTONOVO, a.s.');
INSERT INTO dealership (NAME) VALUES ('Autopark Hackerott GmbH & Co. Handels und Service KG');
INSERT INTO dealership (NAME) VALUES ('Autopark Hackerott GmbH & Co. KG');
INSERT INTO dealership (NAME) VALUES ('Autoprofit');
INSERT INTO dealership (NAME) VALUES ('AUTORELLI');
INSERT INTO dealership (NAME) VALUES ('Auto-Ringler-Service GmbH');
INSERT INTO dealership (NAME) VALUES ('Autoronchetti Sagl');
INSERT INTO dealership (NAME) VALUES ('Autorud');
INSERT INTO dealership (NAME) VALUES ('Autorud Kielce');
INSERT INTO dealership (NAME) VALUES ('Autorud Rzeszów');
INSERT INTO dealership (NAME) VALUES ('AUTORÜGER AG');
INSERT INTO dealership (NAME) VALUES ('AUTOS BELLAMAR');
INSERT INTO dealership (NAME) VALUES ('AUTOS COMPACTOS LA VILLA, S.A. DE C.V.');
INSERT INTO dealership (NAME) VALUES ('AUTOS ESPAÑOLES, S.A. DE C.V.');
INSERT INTO dealership (NAME) VALUES ('AUTOS FERROL');
INSERT INTO dealership (NAME) VALUES ('AUTOS GLOBALES, S.A. DE C.V.');
INSERT INTO dealership (NAME) VALUES ('AUTOS LOMAS, S.A. DE C.V.');
INSERT INTO dealership (NAME) VALUES ('AUTOSUN Ružomberok s.r.o.');
INSERT INTO dealership (NAME) VALUES ('AUTOSUR, S.A. DE C.V.');
INSERT INTO dealership (NAME) VALUES ('AUTOSUR, S.A. DE C.V. (MERIDA)');
INSERT INTO dealership (NAME) VALUES ('Autotalo Lohja');
INSERT INTO dealership (NAME) VALUES ('Auto-Technik Dähne GmbH');
INSERT INTO dealership (NAME) VALUES ('AUTOTRECA');
INSERT INTO dealership (NAME) VALUES ('AUTOVEGA S.R.L.');
INSERT INTO dealership (NAME) VALUES ('Autoviva AG');
INSERT INTO dealership (NAME) VALUES ('Autowelt Marton+ GmbH & Co. KG');
INSERT INTO dealership (NAME) VALUES ('Auto-Winzer GmbH');
INSERT INTO dealership (NAME) VALUES ('Auto-Zeilinger GmbH');
INSERT INTO dealership (NAME) VALUES ('Auto-Zentrale Karl Thiel GmbH & Co. KG');
INSERT INTO dealership (NAME) VALUES ('Autozentrum Nord GmbH');
INSERT INTO dealership (NAME) VALUES ('Autozentrum Vogt GmbH');
INSERT INTO dealership (NAME) VALUES ('AVEK');
INSERT INTO dealership (NAME) VALUES ('AVEK A.S.');
INSERT INTO dealership (NAME) VALUES ('AVP AUTOLAND GmbH & Co.KG');
INSERT INTO dealership (NAME) VALUES ('Avto Cerar d.o.o.');
INSERT INTO dealership (NAME) VALUES ('avtocerar');
INSERT INTO dealership (NAME) VALUES ('AWUS mobile GmbH & Co. KG');
INSERT INTO dealership (NAME) VALUES ('AYDOgANLAR');
INSERT INTO dealership (NAME) VALUES ('AYKAN');
INSERT INTO dealership (NAME) VALUES ('Baar/Walterswil, Häcki');
INSERT INTO dealership (NAME) VALUES ('BaderMainzl GmbH & Co. KG');
INSERT INTO dealership (NAME) VALUES ('BAHADIR');
INSERT INTO dealership (NAME) VALUES ('BAIAUTO S.P.A.');
INSERT INTO dealership (NAME) VALUES ('BAIX MOTOR');
INSERT INTO dealership (NAME) VALUES ('Baldinger & Baldinger AG');
INSERT INTO dealership (NAME) VALUES ('Barandun Auto AG');
INSERT INTO dealership (NAME) VALUES ('BARCELONAUTOS, S.A. DE C.V.');
INSERT INTO dealership (NAME) VALUES ('Barlow Motors');
INSERT INTO dealership (NAME) VALUES ('BASARAN');
INSERT INTO dealership (NAME) VALUES ('Basel, AMAG Basel');
INSERT INTO dealership (NAME) VALUES ('BATI');
INSERT INTO dealership (NAME) VALUES ('BAYCAR');
INSERT INTO dealership (NAME) VALUES ('BAYONNE');
INSERT INTO dealership (NAME) VALUES ('Bednarek');
INSERT INTO dealership (NAME) VALUES ('Bednarek lódz');
INSERT INTO dealership (NAME) VALUES ('Beer sheva');
INSERT INTO dealership (NAME) VALUES ('Berners');
INSERT INTO dealership (NAME) VALUES ('BESANCON');
INSERT INTO dealership (NAME) VALUES ('BESER');
INSERT INTO dealership (NAME) VALUES ('bhg Autohandelsgesellschaft mbH');
INSERT INTO dealership (NAME) VALUES ('Biacomex Bialystok');
INSERT INTO dealership (NAME) VALUES ('Biacomex S.A.');
INSERT INTO dealership (NAME) VALUES ('Biel, AMAG');
INSERT INTO dealership (NAME) VALUES ('Bilcentrum Gruppen');
INSERT INTO dealership (NAME) VALUES ('Bilmetro');
INSERT INTO dealership (NAME) VALUES ('Birngruber GmbH');
INSERT INTO dealership (NAME) VALUES ('Birngruber GmbH & Co KG');
INSERT INTO dealership (NAME) VALUES ('Birngruber Tulln');
INSERT INTO dealership (NAME) VALUES ('Bjorn Caning');
INSERT INTO dealership (NAME) VALUES ('Bjørn Canings eftf A/S');
INSERT INTO dealership (NAME) VALUES ('BLAU MOTORS');
INSERT INTO dealership (NAME) VALUES ('BLOIS');
INSERT INTO dealership (NAME) VALUES ('BNEI BRAK');
INSERT INTO dealership (NAME) VALUES ('BONALDI MOTORI S.P.A.');
INSERT INTO dealership (NAME) VALUES ('Börjessons Bil');
INSERT INTO dealership (NAME) VALUES ('BORSOI S.R.L.');
INSERT INTO dealership (NAME) VALUES ('BOSCH');
INSERT INTO dealership (NAME) VALUES ('Bottone Car SA');
INSERT INTO dealership (NAME) VALUES ('BOURGOIN JALLIEU');
INSERT INTO dealership (NAME) VALUES ('Braasch GmbH & co. KG');
INSERT INTO dealership (NAME) VALUES ('Bräm AG');
INSERT INTO dealership (NAME) VALUES ('Breganzona, AMAG');
INSERT INTO dealership (NAME) VALUES ('BREST');
INSERT INTO dealership (NAME) VALUES ('Bright SEAT Airside');
INSERT INTO dealership (NAME) VALUES ('Brill');
INSERT INTO dealership (NAME) VALUES ('Brill Kft.');
INSERT INTO dealership (NAME) VALUES ('Bristol Street Derby');
INSERT INTO dealership (NAME) VALUES ('Brunegg, Schlossgarage');
INSERT INTO dealership (NAME) VALUES ('BUSTO MOTOR COMPANY SRL');
INSERT INTO dealership (NAME) VALUES ('Bütikofer Automobile AG');
INSERT INTO dealership (NAME) VALUES ('C.H. Autozentrum GmbH');
INSERT INTO dealership (NAME) VALUES ('C.Thomsen GmbH');
INSERT INTO dealership (NAME) VALUES ('C.Thomsen GmbH - Wandsbek');
INSERT INTO dealership (NAME) VALUES ('C1 ALEMANA SUC LINDAVISTA');
INSERT INTO dealership (NAME) VALUES ('C1 ALEMANA SUCURSAL CONTRY');
INSERT INTO dealership (NAME) VALUES ('C1 ESPAÑA S.A. DE C.V.');
INSERT INTO dealership (NAME) VALUES ('cALISKAN');
INSERT INTO dealership (NAME) VALUES ('CAMEA car, a.s. ');
INSERT INTO dealership (NAME) VALUES ('CANTABRIA MOTORS, S.A. DE C.V.');
INSERT INTO dealership (NAME) VALUES ('CAPGEMINI');
INSERT INTO dealership (NAME) VALUES ('Carsed');
INSERT INTO dealership (NAME) VALUES ('Cartoni');
INSERT INTO dealership (NAME) VALUES ('CASA Automobile GmbH');
INSERT INTO dealership (NAME) VALUES ('CASTELLANA MOTOR');
INSERT INTO dealership (NAME) VALUES ('CATALUNYA MOTOR');
INSERT INTO dealership (NAME) VALUES ('CAYSA MOVIL');
INSERT INTO dealership (NAME) VALUES ('CENTRAL AUTOS VIENNE');
INSERT INTO dealership (NAME) VALUES ('CENTR''AUTO CHARLEROI');
INSERT INTO dealership (NAME) VALUES ('CENTRO AUTO E FUORISTRADA S.R.L.');
INSERT INTO dealership (NAME) VALUES ('Centro de Formação');
INSERT INTO dealership (NAME) VALUES ('Centrum Poznan');
INSERT INTO dealership (NAME) VALUES ('Centrum Poznań');
INSERT INTO dealership (NAME) VALUES ('Centrum Wroclaw');
INSERT INTO dealership (NAME) VALUES ('Ceulemans');
INSERT INTO dealership (NAME) VALUES ('Ceulemans Motors BVBA');
INSERT INTO dealership (NAME) VALUES ('CHAMBERY');
INSERT INTO dealership (NAME) VALUES ('CHAMBOURCY');
INSERT INTO dealership (NAME) VALUES ('champion motors');
INSERT INTO dealership (NAME) VALUES ('champion motors israel');
INSERT INTO dealership (NAME) VALUES ('Châtelaine, AMAG Centre SEAT');
INSERT INTO dealership (NAME) VALUES ('Chur, H. P. Senn AG');
INSERT INTO dealership (NAME) VALUES ('Cichy - Zasada');
INSERT INTO dealership (NAME) VALUES ('Coekaerts BVBA');
INSERT INTO dealership (NAME) VALUES ('COIGNIERES AUTOMOBILES SA');
INSERT INTO dealership (NAME) VALUES ('COLLADO SERVICIOS');
INSERT INTO dealership (NAME) VALUES ('Collombey, ECOEUR AUTOMOBILES SA');
INSERT INTO dealership (NAME) VALUES ('COMATUR');
INSERT INTO dealership (NAME) VALUES ('COMERCIAL SETABENSE');
INSERT INTO dealership (NAME) VALUES ('COMOTORS S.R.L.');
INSERT INTO dealership (NAME) VALUES ('COMPOSTELA MOTOR');
INSERT INTO dealership (NAME) VALUES ('CONCES. VEH. TENERIFE');
INSERT INTO dealership (NAME) VALUES ('Connolly''s CUPRA');
INSERT INTO dealership (NAME) VALUES ('Connollys SEAT');
INSERT INTO dealership (NAME) VALUES ('CONSIDI');
INSERT INTO dealership (NAME) VALUES ('ConsultantNet');
INSERT INTO dealership (NAME) VALUES ('CONTINENTAL AUTOMOBILES SA');
INSERT INTO dealership (NAME) VALUES ('Continental Cars Ltd.');
INSERT INTO dealership (NAME) VALUES ('COPERSA');
INSERT INTO dealership (NAME) VALUES ('COPERVI');
INSERT INTO dealership (NAME) VALUES ('CORMOSA');
INSERT INTO dealership (NAME) VALUES ('COURTOISE MOTORS');
INSERT INTO dealership (NAME) VALUES ('CRESTA FURIA ACAPULCO, S.A. DE C.V.');
INSERT INTO dealership (NAME) VALUES ('Crewe SEAT');
INSERT INTO dealership (NAME) VALUES ('Crissier, AMAG');
INSERT INTO dealership (NAME) VALUES ('CRYSTAL AUTO');
INSERT INTO dealership (NAME) VALUES ('CSC');
INSERT INTO dealership (NAME) VALUES ('CUPRA & SEAT Birkerød');
INSERT INTO dealership (NAME) VALUES ('CUPRA Aberdeen');
INSERT INTO dealership (NAME) VALUES ('CUPRA Amsterdam');
INSERT INTO dealership (NAME) VALUES ('CUPRA Birmingham');
INSERT INTO dealership (NAME) VALUES ('CUPRA Bolton');
INSERT INTO dealership (NAME) VALUES ('CUPRA Brighton');
INSERT INTO dealership (NAME) VALUES ('CUPRA Bristol');
INSERT INTO dealership (NAME) VALUES ('CUPRA Bromley');
INSERT INTO dealership (NAME) VALUES ('CUPRA Cambridge');
INSERT INTO dealership (NAME) VALUES ('CUPRA Canterbury');
INSERT INTO dealership (NAME) VALUES ('CUPRA Cardiff');
INSERT INTO dealership (NAME) VALUES ('CUPRA Carlisle');
INSERT INTO dealership (NAME) VALUES ('CUPRA Chesterfield');
INSERT INTO dealership (NAME) VALUES ('CUPRA Coventry');
INSERT INTO dealership (NAME) VALUES ('CUPRA Crawley');
INSERT INTO dealership (NAME) VALUES ('CUPRA Crewe');
INSERT INTO dealership (NAME) VALUES ('CUPRA Darlington');
INSERT INTO dealership (NAME) VALUES ('CUPRA Derby');
INSERT INTO dealership (NAME) VALUES ('CUPRA Doncaster');
INSERT INTO dealership (NAME) VALUES ('CUPRA Dundee');
INSERT INTO dealership (NAME) VALUES ('CUPRA Edinburgh');
INSERT INTO dealership (NAME) VALUES ('CUPRA Fife');
INSERT INTO dealership (NAME) VALUES ('CUPRA GARAGE');
INSERT INTO dealership (NAME) VALUES ('CUPRA Glasgow');
INSERT INTO dealership (NAME) VALUES ('CUPRA Hatfield');
INSERT INTO dealership (NAME) VALUES ('CUPRA Huddersfield');
INSERT INTO dealership (NAME) VALUES ('CUPRA Hull');
INSERT INTO dealership (NAME) VALUES ('CUPRA Inverness');
INSERT INTO dealership (NAME) VALUES ('CUPRA Lakeside');
INSERT INTO dealership (NAME) VALUES ('CUPRA Leeds');
INSERT INTO dealership (NAME) VALUES ('CUPRA Leicester');
INSERT INTO dealership (NAME) VALUES ('CUPRA Letchworth');
INSERT INTO dealership (NAME) VALUES ('CUPRA Lincoln');
INSERT INTO dealership (NAME) VALUES ('CUPRA Liverpool');
INSERT INTO dealership (NAME) VALUES ('CUPRA Maidstone');
INSERT INTO dealership (NAME) VALUES ('CUPRA Milton Keynes');
INSERT INTO dealership (NAME) VALUES ('CUPRA NL');
INSERT INTO dealership (NAME) VALUES ('CUPRA Northampton');
INSERT INTO dealership (NAME) VALUES ('CUPRA Norwich');
INSERT INTO dealership (NAME) VALUES ('CUPRA NZ');
INSERT INTO dealership (NAME) VALUES ('CUPRA Oxford');
INSERT INTO dealership (NAME) VALUES ('CUPRA Peterborough');
INSERT INTO dealership (NAME) VALUES ('CUPRA Poole');
INSERT INTO dealership (NAME) VALUES ('CUPRA Portsmouth');
INSERT INTO dealership (NAME) VALUES ('CUPRA Preston');
INSERT INTO dealership (NAME) VALUES ('CUPRA Reading');
INSERT INTO dealership (NAME) VALUES ('CUPRA Sheffield');
INSERT INTO dealership (NAME) VALUES ('CUPRA Slough');
INSERT INTO dealership (NAME) VALUES ('CUPRA Southampton');
INSERT INTO dealership (NAME) VALUES ('CUPRA Stockport');
INSERT INTO dealership (NAME) VALUES ('CUPRA Studio Warszawa');
INSERT INTO dealership (NAME) VALUES ('CUPRA Summercourt');
INSERT INTO dealership (NAME) VALUES ('CUPRA Sunderland');
INSERT INTO dealership (NAME) VALUES ('CUPRA Swansea');
INSERT INTO dealership (NAME) VALUES ('CUPRA Sweden');
INSERT INTO dealership (NAME) VALUES ('CUPRA Swindon');
INSERT INTO dealership (NAME) VALUES ('CUPRA Twickenham');
INSERT INTO dealership (NAME) VALUES ('CUPRA UK');
INSERT INTO dealership (NAME) VALUES ('CUPRA Westfield');
INSERT INTO dealership (NAME) VALUES ('CUPRA Whitehaven');
INSERT INTO dealership (NAME) VALUES ('CUPRA Woking');
INSERT INTO dealership (NAME) VALUES ('CUPRA Wolverhampton');
INSERT INTO dealership (NAME) VALUES ('CUPRA Worcester');
INSERT INTO dealership (NAME) VALUES ('CUPRA York');
INSERT INTO dealership (NAME) VALUES ('Cyprus');
INSERT INTO dealership (NAME) VALUES ('D M Keith SEAT York');
INSERT INTO dealership (NAME) VALUES ('DALTON MARIANO ESCOBEDO, S.A. DE C.V.');
INSERT INTO dealership (NAME) VALUES ('Dannacker & Laudien GmbH');
INSERT INTO dealership (NAME) VALUES ('Delbar Tournai');
INSERT INTO dealership (NAME) VALUES ('Delorge Hasselt');
INSERT INTO dealership (NAME) VALUES ('DEMOTO');
INSERT INTO dealership (NAME) VALUES ('Denmark');
INSERT INTO dealership (NAME) VALUES ('dennism85+born@gmail.com');
INSERT INTO dealership (NAME) VALUES ('DEPORAUTOS DEL CENTRO S.A. DE C.V.');
INSERT INTO dealership (NAME) VALUES ('DEPORAUTOS DEL CENTRO, S.A.P.I. DE C.V.');
INSERT INTO dealership (NAME) VALUES ('Di Leo Motors SA');
INSERT INTO dealership (NAME) VALUES ('DI VIESTO S.P.A.');
INSERT INTO dealership (NAME) VALUES ('DIALOGO ITALIA');
INSERT INTO dealership (NAME) VALUES ('Die Schneider Gruppe GmbH');
INSERT INTO dealership (NAME) VALUES ('D''Ieteren');
INSERT INTO dealership (NAME) VALUES ('D''IETEREN ACADEMY');
INSERT INTO dealership (NAME) VALUES ('D''Ieteren Anderlecht');
INSERT INTO dealership (NAME) VALUES ('D''Ieteren Automotive');
INSERT INTO dealership (NAME) VALUES ('Din Bil');
INSERT INTO dealership (NAME) VALUES ('DISTRIBUIDORA LOMAS ANAHUAC, S.A. DE C.V.');
INSERT INTO dealership (NAME) VALUES ('DOgUS OTO BURSA');
INSERT INTO dealership (NAME) VALUES ('DOgUS OTO cANKAYA');
INSERT INTO dealership (NAME) VALUES ('DOgUS OTO ESENYURT');
INSERT INTO dealership (NAME) VALUES ('DOgUS OTO ETİMESGUT');
INSERT INTO dealership (NAME) VALUES ('DOgUS OTO KARTAL');
INSERT INTO dealership (NAME) VALUES ('DOGUS OTO MASLAK');
INSERT INTO dealership (NAME) VALUES ('DOgUS OTO MASLAK OTOMOTION');
INSERT INTO dealership (NAME) VALUES ('DOGUS OTOMOTIV');
INSERT INTO dealership (NAME) VALUES ('DOGUS OTOMTIV');
INSERT INTO dealership (NAME) VALUES ('Dorfgarage Isler AG');
INSERT INTO dealership (NAME) VALUES ('Dorfgarage Wagner AG');
INSERT INTO dealership (NAME) VALUES ('DORIGONI S.P.A.');
INSERT INTO dealership (NAME) VALUES ('Dost Automobile GmbH');
INSERT INTO dealership (NAME) VALUES ('DRAGUIGNAN');
INSERT INTO dealership (NAME) VALUES ('DRAKO MOTORS, S.A. DE C.V.');
INSERT INTO dealership (NAME) VALUES ('DS - CAR, s.r.o.');
INSERT INTO dealership (NAME) VALUES ('Dübendorf, AMAG Autowelt Zürich');
INSERT INTO dealership (NAME) VALUES ('Duff Morgan SEAT');
INSERT INTO dealership (NAME) VALUES ('Duff Morgan SEAT Norwich');
INSERT INTO dealership (NAME) VALUES ('Duna Autó Zrt.');
INSERT INTO dealership (NAME) VALUES ('Dynamica');
INSERT INTO dealership (NAME) VALUES ('Dynamica MySlenice');
INSERT INTO dealership (NAME) VALUES ('Dynamica Myślenice');
INSERT INTO dealership (NAME) VALUES ('Dynamica Warszawa');
INSERT INTO dealership (NAME) VALUES ('Ebbett');
INSERT INTO dealership (NAME) VALUES ('ECATEPEC, ESTADO DE MEXICO');
INSERT INTO dealership (NAME) VALUES ('Ecœur Automobiles SA');
INSERT INTO dealership (NAME) VALUES ('ECONOMOTORS, S.A. DE C.V.');
INSERT INTO dealership (NAME) VALUES ('Egger GmbH');
INSERT INTO dealership (NAME) VALUES ('Egypt');
INSERT INTO dealership (NAME) VALUES ('Ehrhardt AG');
INSERT INTO dealership (NAME) VALUES ('Ehrhardt AG Niederlassung Eisfeld');
INSERT INTO dealership (NAME) VALUES ('Ehrhardt AG Niederlassung Hildburghausen');
INSERT INTO dealership (NAME) VALUES ('Ehrhardt AG NL Eisenach');
INSERT INTO dealership (NAME) VALUES ('Ehrhardt AG NL Erfurt');
INSERT INTO dealership (NAME) VALUES ('Ehrhardt AG NL Hildburghausen');
INSERT INTO dealership (NAME) VALUES ('Ehrhardt AG NL Leipzig');
INSERT INTO dealership (NAME) VALUES ('Ehrhardt AG NL Meiningen');
INSERT INTO dealership (NAME) VALUES ('Ehrhardt AG NL Weimar');
INSERT INTO dealership (NAME) VALUES ('Eindhoven');
INSERT INTO dealership (NAME) VALUES ('Eisner Auto Pischeldorfer Str. 134');
INSERT INTO dealership (NAME) VALUES ('Elena Aguado');
INSERT INTO dealership (NAME) VALUES ('ELİS');
INSERT INTO dealership (NAME) VALUES ('Elspass Autoland GmbH & Co. KG');
INSERT INTO dealership (NAME) VALUES ('Emil Frey Küstengarage GmbH');
INSERT INTO dealership (NAME) VALUES ('Emmen, Blaser');
INSERT INTO dealership (NAME) VALUES ('Engströms');
INSERT INTO dealership (NAME) VALUES ('ENNAKL AUTOMOBILES');
INSERT INTO dealership (NAME) VALUES ('Erhardt AG Niederlassung');
INSERT INTO dealership (NAME) VALUES ('Ernst Automobile Heidelberg GmbH & Co. KG');
INSERT INTO dealership (NAME) VALUES ('Erschwil, Borer');
INSERT INTO dealership (NAME) VALUES ('ERSES');
INSERT INTO dealership (NAME) VALUES ('ERYA');
INSERT INTO dealership (NAME) VALUES ('Eschenbach, Auto Eberle');
INSERT INTO dealership (NAME) VALUES ('Etoy, AMAG');
INSERT INTO dealership (NAME) VALUES ('Ets H. Pattyn & Fils SA');
INSERT INTO dealership (NAME) VALUES ('Ets Hermand');
INSERT INTO dealership (NAME) VALUES ('EURO ALEMANA COAPA, S.A. DE C.V.');
INSERT INTO dealership (NAME) VALUES ('EURO ALEMANA COLIMA S.A DE C.V');
INSERT INTO dealership (NAME) VALUES ('EURO PREMIUM, S.A. DE C.V.');
INSERT INTO dealership (NAME) VALUES ('EUROCAR ITALIA - FIRENZE');
INSERT INTO dealership (NAME) VALUES ('EUROIBÉRICA, S.A. DE C.V.');
INSERT INTO dealership (NAME) VALUES ('EUROMADRID, S.A. DE C.V.');
INSERT INTO dealership (NAME) VALUES ('Euromotor');
INSERT INTO dealership (NAME) VALUES ('Euromotor Kraków');
INSERT INTO dealership (NAME) VALUES ('Euromotor Warszawa');
INSERT INTO dealership (NAME) VALUES ('EUROPAUTO');
INSERT INTO dealership (NAME) VALUES ('EVREUX');
INSERT INTO dealership (NAME) VALUES ('F.A.M. Autohaus Kiener GmbH & Co. KG');
INSERT INTO dealership (NAME) VALUES ('F.LLI SANNA S.R.L.');
INSERT INTO dealership (NAME) VALUES ('Farmer');
INSERT INTO dealership (NAME) VALUES ('Faust Auto AG');
INSERT INTO dealership (NAME) VALUES ('FECOSAUTO');
INSERT INTO dealership (NAME) VALUES ('Feser - Joachim GmbH');
INSERT INTO dealership (NAME) VALUES ('Feser Breitschwert GmbH');
INSERT INTO dealership (NAME) VALUES ('Feser Magdeburg GmbH');
INSERT INTO dealership (NAME) VALUES ('Feser und Wittig GmbH');
INSERT INTO dealership (NAME) VALUES ('Feser-Biemann Erlangen GmbH');
INSERT INTO dealership (NAME) VALUES ('Feser-Biemann Forchheim GmbH');
INSERT INTO dealership (NAME) VALUES ('Feser-Biemann GmbH');
INSERT INTO dealership (NAME) VALUES ('Fife SEAT');
INSERT INTO dealership (NAME) VALUES ('Finbarr Galvin');
INSERT INTO dealership (NAME) VALUES ('Fischer & Bourtscheidt Automobilhandels GmbH');
INSERT INTO dealership (NAME) VALUES ('Fischer Automobile Amberg GmbH & Co. KG');
INSERT INTO dealership (NAME) VALUES ('Fischer Automobile GmbH');
INSERT INTO dealership (NAME) VALUES ('Fischer GmbH & Co. KG');
INSERT INTO dealership (NAME) VALUES ('Fislisbach, Dorfgarage Isler AG');
INSERT INTO dealership (NAME) VALUES ('FONTAINE');
INSERT INTO dealership (NAME) VALUES ('FONTENAY SUR EURE');
INSERT INTO dealership (NAME) VALUES ('Fornecedores SEAT');
INSERT INTO dealership (NAME) VALUES ('FRATELLI GIACOMEL SPA');
INSERT INTO dealership (NAME) VALUES ('Fribourg, AMAG');
INSERT INTO dealership (NAME) VALUES ('Frontbilar');
INSERT INTO dealership (NAME) VALUES ('FURIA MOTORS MÉXICO, S.A. DE C.V.');
INSERT INTO dealership (NAME) VALUES ('FURIA MOTORS MONTERREY, S.A. DE C.V.');
INSERT INTO dealership (NAME) VALUES ('G & S Automobile GmbH');
INSERT INTO dealership (NAME) VALUES ('G. DEL PRIORE S.R.L.');
INSERT INTO dealership (NAME) VALUES ('GALDAKAUTO');
INSERT INTO dealership (NAME) VALUES ('Gamprin-Bendern, Garage Oehri Aktiengesellschaft');
INSERT INTO dealership (NAME) VALUES ('Garage Bernard Despont');
INSERT INTO dealership (NAME) VALUES ('Garage Blaser AG');
INSERT INTO dealership (NAME) VALUES ('Garage Claren & Cie S.à r.l.');
INSERT INTO dealership (NAME) VALUES ('Garage Despont Bernard');
INSERT INTO dealership (NAME) VALUES ('Garage du Nord');
INSERT INTO dealership (NAME) VALUES ('Garage du Rallye Payerne SA');
INSERT INTO dealership (NAME) VALUES ('Garage F.Heggli AG');
INSERT INTO dealership (NAME) VALUES ('Garage Gautschi AG');
INSERT INTO dealership (NAME) VALUES ('Garage Grünig');
INSERT INTO dealership (NAME) VALUES ('Garage Hermand');
INSERT INTO dealership (NAME) VALUES ('Garage Herzog AG');
INSERT INTO dealership (NAME) VALUES ('Garage M. Losch s.e.c.s');
INSERT INTO dealership (NAME) VALUES ('Garage Marc Winandy s.a r.l');
INSERT INTO dealership (NAME) VALUES ('Garage Oehri AG');
INSERT INTO dealership (NAME) VALUES ('Garage Olympic Rte d''Aproz Sion SA');
INSERT INTO dealership (NAME) VALUES ('Garage Planüra AG');
INSERT INTO dealership (NAME) VALUES ('Garage Pro Auto Worb');
INSERT INTO dealership (NAME) VALUES ('Garage Raes Oostkamp BVBA');
INSERT INTO dealership (NAME) VALUES ('Garage Remo Borer');
INSERT INTO dealership (NAME) VALUES ('Garage Trevisan');
INSERT INTO dealership (NAME) VALUES ('Garagen Neudorf-Grünegg AG');
INSERT INTO dealership (NAME) VALUES ('Gazley');
INSERT INTO dealership (NAME) VALUES ('GCB');
INSERT INTO dealership (NAME) VALUES ('Gebr. Schmidt GmbH');
INSERT INTO dealership (NAME) VALUES ('GEDAUTO CAR');
INSERT INTO dealership (NAME) VALUES ('Gegenleitner & Lang GmbH');
INSERT INTO dealership (NAME) VALUES ('George Corbett Motors');
INSERT INTO dealership (NAME) VALUES ('German Top Trading');
INSERT INTO dealership (NAME) VALUES ('GIL AUTOMOCION');
INSERT INTO dealership (NAME) VALUES ('Giltrap');
INSERT INTO dealership (NAME) VALUES ('GIMUR S.P.A.');
INSERT INTO dealership (NAME) VALUES ('GINES HUERTAS CERV.');
INSERT INTO dealership (NAME) VALUES ('GINES HUERTAS CERVANTES');
INSERT INTO dealership (NAME) VALUES ('Glinicke Automobile Baunatal GmbH & Co. KG');
INSERT INTO dealership (NAME) VALUES ('GNG AG');
INSERT INTO dealership (NAME) VALUES ('Goldach, Bräm AG');
INSERT INTO dealership (NAME) VALUES ('Gossau, Garagen Neudorf-Grünegg AG');
INSERT INTO dealership (NAME) VALUES ('Gossau, GNG AG');
INSERT INTO dealership (NAME) VALUES ('Gottfried Schultz  Automobilhandels SE');
INSERT INTO dealership (NAME) VALUES ('Gottfried Schultz Auto  mobilhandels SE');
INSERT INTO dealership (NAME) VALUES ('Gottfried Schultz Automobilhandels SE');
INSERT INTO dealership (NAME) VALUES ('Graf Hardenberg GmbH');
INSERT INTO dealership (NAME) VALUES ('GRAN CENTRO GETAFE');
INSERT INTO dealership (NAME) VALUES ('GRAND PRIX S.R.L.');
INSERT INTO dealership (NAME) VALUES ('Grassow''s Automobile GmbH');
INSERT INTO dealership (NAME) VALUES ('Groß Automobile GmbH');
INSERT INTO dealership (NAME) VALUES ('Grupa PGD SEAT Euromotor');
INSERT INTO dealership (NAME) VALUES ('Gschwend Garage Altstätten AG');
INSERT INTO dealership (NAME) VALUES ('Gümligen, AMAG');
INSERT INTO dealership (NAME) VALUES ('GVA BYMYCAR ORLEANS SUD');
INSERT INTO dealership (NAME) VALUES ('H. P. Senn AG');
INSERT INTO dealership (NAME) VALUES ('HAGUENAU');
INSERT INTO dealership (NAME) VALUES ('Hahn Automobile GmbH + Co KG NL Göppingen');
INSERT INTO dealership (NAME) VALUES ('Hahn Automobile GmbH + Co. KG');
INSERT INTO dealership (NAME) VALUES ('Hahn Automobile GmbH NL Pforzheim');
INSERT INTO dealership (NAME) VALUES ('Hahn Automobile Pforzheim  GmbH');
INSERT INTO dealership (NAME) VALUES ('Haifa');
INSERT INTO dealership (NAME) VALUES ('Hans Lugmayr GmbH & CO KG');
INSERT INTO dealership (NAME) VALUES ('Harald A. Moller AS');
INSERT INTO dealership (NAME) VALUES ('Harald Kaufmann GmbH & Co KG');
INSERT INTO dealership (NAME) VALUES ('HASAN KAVİ ADANA');
INSERT INTO dealership (NAME) VALUES ('HASAN KAVİ MERSİN');
INSERT INTO dealership (NAME) VALUES ('Heinrich Thomas GmbH & Co. KG');
INSERT INTO dealership (NAME) VALUES ('Held & Ströhle GmbH & Co. KG');
INSERT INTO dealership (NAME) VALUES ('Henke Automobile GmbH & Co. KG');
INSERT INTO dealership (NAME) VALUES ('Herbert Eisenrigler GmbH');
INSERT INTO dealership (NAME) VALUES ('Herrmann & Langer GmbH');
INSERT INTO dealership (NAME) VALUES ('Herzelia');
INSERT INTO dealership (NAME) VALUES ('Hinwil, Faust Auto AG');
INSERT INTO dealership (NAME) VALUES ('Holas Ges.m.b.H.');
INSERT INTO dealership (NAME) VALUES ('HONORE');
INSERT INTO dealership (NAME) VALUES ('Hotz und Heitmann GmbH');
INSERT INTO dealership (NAME) VALUES ('Hübner Automobile GmbH');
INSERT INTO dealership (NAME) VALUES ('HUELVA MOTOR');
INSERT INTO dealership (NAME) VALUES ('Hülpert VZ GmbH');
INSERT INTO dealership (NAME) VALUES ('Hülsmann & Tegeler GmbH & Co. KG');
INSERT INTO dealership (NAME) VALUES ('IFS');
INSERT INTO dealership (NAME) VALUES ('Ignaszak');
INSERT INTO dealership (NAME) VALUES ('Import');
INSERT INTO dealership (NAME) VALUES ('IMPORTER STAFF');
INSERT INTO dealership (NAME) VALUES ('INDALO MOTOR');
INSERT INTO dealership (NAME) VALUES ('Ing .W. Riemer GmbH & Co.KG');
INSERT INTO dealership (NAME) VALUES ('Ingram SEAT Ayr');
INSERT INTO dealership (NAME) VALUES ('Internal');
INSERT INTO dealership (NAME) VALUES ('INTERSCREEN GmbH');
INSERT INTO dealership (NAME) VALUES ('IRUÑA MOTOR');
INSERT INTO dealership (NAME) VALUES ('J.JORRO');
INSERT INTO dealership (NAME) VALUES ('Jacob Helo');
INSERT INTO dealership (NAME) VALUES ('James Barry Motors');
INSERT INTO dealership (NAME) VALUES ('JAUX');
INSERT INTO dealership (NAME) VALUES ('Jct600 menston');
INSERT INTO dealership (NAME) VALUES ('JCT600 SEAT - CUPRA');
INSERT INTO dealership (NAME) VALUES ('JCT600 Seat Menston');
INSERT INTO dealership (NAME) VALUES ('JEAN LAIN AUTOMOBILES MEYTHET SARL');
INSERT INTO dealership (NAME) VALUES ('Jennes Aarschot');
INSERT INTO dealership (NAME) VALUES ('jerusalem');
INSERT INTO dealership (NAME) VALUES ('JKK MOTO Sp. z o.o.');
INSERT INTO dealership (NAME) VALUES ('JL Bilar');
INSERT INTO dealership (NAME) VALUES ('Johnson & Perrott');
INSERT INTO dealership (NAME) VALUES ('Johnsons SEAT Liverpool');
INSERT INTO dealership (NAME) VALUES ('Johnsons SEAT Preston');
INSERT INTO dealership (NAME) VALUES ('JOSE JORRO SUCH E H.');
INSERT INTO dealership (NAME) VALUES ('JOSE JORRO SUCH E HIJOS');
INSERT INTO dealership (NAME) VALUES ('Josef Rotschne KG');
INSERT INTO dealership (NAME) VALUES ('Jyvaskylan Autotarvike');
INSERT INTO dealership (NAME) VALUES ('Jyväskylän Autotarvike');
INSERT INTO dealership (NAME) VALUES ('K Auto Oy (importer)');
INSERT INTO dealership (NAME) VALUES ('K Caara Oy');
INSERT INTO dealership (NAME) VALUES ('Kainbacher');
INSERT INTO dealership (NAME) VALUES ('Kamp-EAW GmbH');
INSERT INTO dealership (NAME) VALUES ('Kamper Kraftfahrzeughandels GmbH');
INSERT INTO dealership (NAME) VALUES ('KARE OTO');
INSERT INTO dealership (NAME) VALUES ('Karl Orthuber GmbH');
INSERT INTO dealership (NAME) VALUES ('KATAKIS S.A.');
INSERT INTO dealership (NAME) VALUES ('KAYADİBİ');
INSERT INTO dealership (NAME) VALUES ('KAYAN');
INSERT INTO dealership (NAME) VALUES ('Kayttoauto Seinajoki');
INSERT INTO dealership (NAME) VALUES ('Käyttöauto Seinäjoki');
INSERT INTO dealership (NAME) VALUES ('Keglovits GesmbH');
INSERT INTO dealership (NAME) VALUES ('KELESLER');
INSERT INTO dealership (NAME) VALUES ('Kerns, J. Windlin AG');
INSERT INTO dealership (NAME) VALUES ('Kneidinger Auto GmbH');
INSERT INTO dealership (NAME) VALUES ('Knubel GmbH & Co. KG');
INSERT INTO dealership (NAME) VALUES ('Koch Biler');
INSERT INTO dealership (NAME) VALUES ('Koch Mobile GmbH');
INSERT INTO dealership (NAME) VALUES ('Kriens, Nidfeld');
INSERT INTO dealership (NAME) VALUES ('Krotoski Czestochowa');
INSERT INTO dealership (NAME) VALUES ('Kundecenter');
INSERT INTO dealership (NAME) VALUES ('La Chaux-de-Fonds, Garage Asticher S.A.');
INSERT INTO dealership (NAME) VALUES ('LA PLAINE');
INSERT INTO dealership (NAME) VALUES ('Laas Automobile GmbH & Co. KG');
INSERT INTO dealership (NAME) VALUES ('Lagrou');
INSERT INTO dealership (NAME) VALUES ('Laimer Ges.m.b.H.');
INSERT INTO dealership (NAME) VALUES ('LANESTER');
INSERT INTO dealership (NAME) VALUES ('Langenthal, Garage Gautschi AG');
INSERT INTO dealership (NAME) VALUES ('LE HAVRE');
INSERT INTO dealership (NAME) VALUES ('Learning Services');
INSERT INTO dealership (NAME) VALUES ('Lecab');
INSERT INTO dealership (NAME) VALUES ('Leif Thygesen A/S');
INSERT INTO dealership (NAME) VALUES ('Leif Thygesen Biler ApS');
INSERT INTO dealership (NAME) VALUES ('LEIRIBERIA');
INSERT INTO dealership (NAME) VALUES ('Leiribéria');
INSERT INTO dealership (NAME) VALUES ('Lellek Gliwice');
INSERT INTO dealership (NAME) VALUES ('Lellek Opole');
INSERT INTO dealership (NAME) VALUES ('LENA-AYDIN');
INSERT INTO dealership (NAME) VALUES ('LENA-BODRUM');
INSERT INTO dealership (NAME) VALUES ('LENDIZ MOTOR');
INSERT INTO dealership (NAME) VALUES ('LEON MOTORS, S.A. DE C.V.');
INSERT INTO dealership (NAME) VALUES ('Lerch AG');
INSERT INTO dealership (NAME) VALUES ('Lerch AG Rothrist');
INSERT INTO dealership (NAME) VALUES ('Lerdon GmbH');
INSERT INTO dealership (NAME) VALUES ('Leribéria - Coimbra');
INSERT INTO dealership (NAME) VALUES ('LES MILLES');
INSERT INTO dealership (NAME) VALUES ('Letchworth Autoway Centre Ltd');
INSERT INTO dealership (NAME) VALUES ('Leusden');
INSERT INTO dealership (NAME) VALUES ('LEVANTE MOTOR');
INSERT INTO dealership (NAME) VALUES ('Liestal, P. Schweizer AG');
INSERT INTO dealership (NAME) VALUES ('LIMOGES');
INSERT INTO dealership (NAME) VALUES ('LINEABLU SRL');
INSERT INTO dealership (NAME) VALUES ('LINEABLU'' SRL');
INSERT INTO dealership (NAME) VALUES ('LLorens (J.A.R. Motor SA)');
INSERT INTO dealership (NAME) VALUES ('Löhr & Becker Automobile');
INSERT INTO dealership (NAME) VALUES ('Löhr & Becker Automobile   GmbH');
INSERT INTO dealership (NAME) VALUES ('Löhr & Becker Automobile GmbH');
INSERT INTO dealership (NAME) VALUES ('Löhr Auto SZ GmbH');
INSERT INTO dealership (NAME) VALUES ('Löhr Automobile GmbH');
INSERT INTO dealership (NAME) VALUES ('Löhr Automobile Vertriebs GmbH');
INSERT INTO dealership (NAME) VALUES ('LOMBARDA MOTORI S.P.A.');
INSERT INTO dealership (NAME) VALUES ('LONGUENESSE');
INSERT INTO dealership (NAME) VALUES ('Lookers SEAT (Manchester)');
INSERT INTO dealership (NAME) VALUES ('Lookers SEAT (Stockport)');
INSERT INTO dealership (NAME) VALUES ('LORIENT AUTO OUEST');
INSERT INTO dealership (NAME) VALUES ('Losch Import S.à r.l.');
INSERT INTO dealership (NAME) VALUES ('Louda Auto a.s.');
INSERT INTO dealership (NAME) VALUES ('LUGARITZ');
INSERT INTO dealership (NAME) VALUES ('LUGARITZ AUTOAK');
INSERT INTO dealership (NAME) VALUES ('Lyssach, Ghysnau-Garage AG');
INSERT INTO dealership (NAME) VALUES ('M&COSTAS');
INSERT INTO dealership (NAME) VALUES ('M.&Costas SA');
INSERT INTO dealership (NAME) VALUES ('MALTA');
INSERT INTO dealership (NAME) VALUES ('Manfred Berger Gesellschaft m.b.H.');
INSERT INTO dealership (NAME) VALUES ('Manfred Knappe GmbH & Co. KG');
INSERT INTO dealership (NAME) VALUES ('Manfred Schöner-AUTOSERVIS');
INSERT INTO dealership (NAME) VALUES ('MANS AUTOMOTRIZ, S.A. DE C.V.');
INSERT INTO dealership (NAME) VALUES ('MANS MOTORS DE TORREON, S.A. DE C.V.');
INSERT INTO dealership (NAME) VALUES ('Marc Zyrull GmbH');
INSERT INTO dealership (NAME) VALUES ('MARESME LESSEPS');
INSERT INTO dealership (NAME) VALUES ('MARSEILLE');
INSERT INTO dealership (NAME) VALUES ('Marshall Seat Cambridge');
INSERT INTO dealership (NAME) VALUES ('Marta Mustermann');
INSERT INTO dealership (NAME) VALUES ('Martigny, Garage du Nord');
INSERT INTO dealership (NAME) VALUES ('Maschek Automobile GmbH & Co. KG');
INSERT INTO dealership (NAME) VALUES ('Matsuoka');
INSERT INTO dealership (NAME) VALUES ('Mazuin Châtelet');
INSERT INTO dealership (NAME) VALUES ('Mazzoni');
INSERT INTO dealership (NAME) VALUES ('MBU GAZİEMİR');
INSERT INTO dealership (NAME) VALUES ('McCoy Motors');
INSERT INTO dealership (NAME) VALUES ('MECHETTI S.R.L.(TUSCANIA AUTO)');
INSERT INTO dealership (NAME) VALUES ('MECHETTI SRL SOCIETA''UNIPERSONALE');
INSERT INTO dealership (NAME) VALUES ('Mense GmbH');
INSERT INTO dealership (NAME) VALUES ('MERTENS SINT-NIKLAAS');
INSERT INTO dealership (NAME) VALUES ('Mexiko; Volkswagen de México');
INSERT INTO dealership (NAME) VALUES ('MEZ');
INSERT INTO dealership (NAME) VALUES ('MGS Motor Gruppe Sticht GmbH & Co. KG');
INSERT INTO dealership (NAME) VALUES ('MHA, S.A. DE C.V.');
INSERT INTO dealership (NAME) VALUES ('MIG Motors');
INSERT INTO dealership (NAME) VALUES ('MIG Motors Evergem');
INSERT INTO dealership (NAME) VALUES ('MİRAM DİYARBAKIR');
INSERT INTO dealership (NAME) VALUES ('MİRAM MALATYA');
INSERT INTO dealership (NAME) VALUES ('Mitlödi, Tondo AG, Automobile');
INSERT INTO dealership (NAME) VALUES ('MJ MOTOR''S S.R.L.');
INSERT INTO dealership (NAME) VALUES ('M-MOTOR');
INSERT INTO dealership (NAME) VALUES ('M-MOTOR CASTELLON');
INSERT INTO dealership (NAME) VALUES ('MOLINA H. VEHICULOS');
INSERT INTO dealership (NAME) VALUES ('MOLINA HNOS. VEHIC.');
INSERT INTO dealership (NAME) VALUES ('Moll Automobile GmbH & Co. KG');
INSERT INTO dealership (NAME) VALUES ('Möller Bil');
INSERT INTO dealership (NAME) VALUES ('Monaghan & Sons');
INSERT INTO dealership (NAME) VALUES ('MONTAUBAN');
INSERT INTO dealership (NAME) VALUES ('MOTOR 7 ISLAS');
INSERT INTO dealership (NAME) VALUES ('Motor Center Heinen GmbH');
INSERT INTO dealership (NAME) VALUES ('MOTOR DYE');
INSERT INTO dealership (NAME) VALUES ('MOTOR J. R. VALLE');
INSERT INTO dealership (NAME) VALUES ('MOTOR J.R. VALLE');
INSERT INTO dealership (NAME) VALUES ('MotorHalland');
INSERT INTO dealership (NAME) VALUES ('Motor-Nützel Vertriebs-GmbH NL Tirschenreuth');
INSERT INTO dealership (NAME) VALUES ('Motorpol');
INSERT INTO dealership (NAME) VALUES ('Motorpol Wrocław');
INSERT INTO dealership (NAME) VALUES ('Motorpol Wroclaw Sp. z o.o.');
INSERT INTO dealership (NAME) VALUES ('MSCAR COM AUTOMOVEIS S.A.');
INSERT INTO dealership (NAME) VALUES ('MSX');
INSERT INTO dealership (NAME) VALUES ('MTS Automobile GmbH');
INSERT INTO dealership (NAME) VALUES ('Mühlbacher GmbH');
INSERT INTO dealership (NAME) VALUES ('Münchenbuchsee, Grünig');
INSERT INTO dealership (NAME) VALUES ('MURCIA MOTORS, S.A. DE C.V.');
INSERT INTO dealership (NAME) VALUES ('Muri, Heggli');
INSERT INTO dealership (NAME) VALUES ('NAVARRA MOTORS');
INSERT INTO dealership (NAME) VALUES ('Neftenbach, Garage Trevisan AG');
INSERT INTO dealership (NAME) VALUES ('Neuchâtel, Automobiles Senn S.A.');
INSERT INTO dealership (NAME) VALUES ('Neue Centrum Garage AG');
INSERT INTO dealership (NAME) VALUES ('NEVERS');
INSERT INTO dealership (NAME) VALUES ('NEXE');
INSERT INTO dealership (NAME) VALUES ('NEXTERIA SRL');
INSERT INTO dealership (NAME) VALUES ('Nidfeld-Garage AG');
INSERT INTO dealership (NAME) VALUES ('NIMES');
INSERT INTO dealership (NAME) VALUES ('Nina Klotzek');
INSERT INTO dealership (NAME) VALUES ('NLC Aprentice Trainer');
INSERT INTO dealership (NAME) VALUES ('NOAUTO');
INSERT INTO dealership (NAME) VALUES ('NOAUTO SEGOVIA');
INSERT INTO dealership (NAME) VALUES ('Norrlands Bil');
INSERT INTO dealership (NAME) VALUES ('NOVATEAM');
INSERT INTO dealership (NAME) VALUES ('Olofsson Bil');
INSERT INTO dealership (NAME) VALUES ('ONDINAUTO');
INSERT INTO dealership (NAME) VALUES ('ONET LE CHATEAU');
INSERT INTO dealership (NAME) VALUES ('OPEN TRENDS');
INSERT INTO dealership (NAME) VALUES ('Orth Automobile GmbH');
INSERT INTO dealership (NAME) VALUES ('Orthuber');
INSERT INTO dealership (NAME) VALUES ('ORVAULT');
INSERT INTO dealership (NAME) VALUES ('ORVECAME LAS PALMAS');
INSERT INTO dealership (NAME) VALUES ('OSONA AUT.');
INSERT INTO dealership (NAME) VALUES ('OSONA AUTOMOCIO');
INSERT INTO dealership (NAME) VALUES ('OSSO AUTO 2 SRL');
INSERT INTO dealership (NAME) VALUES ('Otteni & Strauß GmbH');
INSERT INTO dealership (NAME) VALUES ('OZON');
INSERT INTO dealership (NAME) VALUES ('OZTURKLER');
INSERT INTO dealership (NAME) VALUES ('P.A. EUROMADRID, S.A. DE C.V.');
INSERT INTO dealership (NAME) VALUES ('P.W. GAMA');
INSERT INTO dealership (NAME) VALUES ('PARAFINA');
INSERT INTO dealership (NAME) VALUES ('PASQUARELLI AUTO S.R.L.');
INSERT INTO dealership (NAME) VALUES ('PASSION AUTOMOBILES');
INSERT INTO dealership (NAME) VALUES ('Payerne, Garage du Rallye Payerne SA');
INSERT INTO dealership (NAME) VALUES ('Pentagon SEAT');
INSERT INTO dealership (NAME) VALUES ('PERESSINI S.R.L.');
INSERT INTO dealership (NAME) VALUES ('PERPIGNAN');
INSERT INTO dealership (NAME) VALUES ('PGD Kraków');
INSERT INTO dealership (NAME) VALUES ('PGD Warszawa');
INSERT INTO dealership (NAME) VALUES ('PIA Dornbirn');
INSERT INTO dealership (NAME) VALUES ('PIA Hallein');
INSERT INTO dealership (NAME) VALUES ('PIA Innsbruck');
INSERT INTO dealership (NAME) VALUES ('PIA Leoben');
INSERT INTO dealership (NAME) VALUES ('PIA Liebenau');
INSERT INTO dealership (NAME) VALUES ('PIA Linz');
INSERT INTO dealership (NAME) VALUES ('PIA Oberwart');
INSERT INTO dealership (NAME) VALUES ('PIA Pest');
INSERT INTO dealership (NAME) VALUES ('PIRINEOS MOTORS, S.A.P.I. DE C.V,');
INSERT INTO dealership (NAME) VALUES ('PIRINEOS MOTORS, S.A.P.I. DE C.V.');
INSERT INTO dealership (NAME) VALUES ('Plichta');
INSERT INTO dealership (NAME) VALUES ('Plichta Gdansk');
INSERT INTO dealership (NAME) VALUES ('Plichta Gdańsk');
INSERT INTO dealership (NAME) VALUES ('Plichta Gdynia');
INSERT INTO dealership (NAME) VALUES ('POA');
INSERT INTO dealership (NAME) VALUES ('POA Austria');
INSERT INTO dealership (NAME) VALUES ('POA Produkt');
INSERT INTO dealership (NAME) VALUES ('POA SEAT');
INSERT INTO dealership (NAME) VALUES ('POA Service Training');
INSERT INTO dealership (NAME) VALUES ('POA Wien Hietzing');
INSERT INTO dealership (NAME) VALUES ('POA Wien Hitzing');
INSERT INTO dealership (NAME) VALUES ('POITIERS');
INSERT INTO dealership (NAME) VALUES ('Pol-Car');
INSERT INTO dealership (NAME) VALUES ('PON Academy');
INSERT INTO dealership (NAME) VALUES ('Porhon Autoliike Oulu');
INSERT INTO dealership (NAME) VALUES ('Pörhön autoliike Oulu');
INSERT INTO dealership (NAME) VALUES ('Porrentruy, Automobiles Olivotti S.A.');
INSERT INTO dealership (NAME) VALUES ('Porrentruy, Maurice Montavon S.A., Automobiles Oli');
INSERT INTO dealership (NAME) VALUES ('Porsche Beograd Ada');
INSERT INTO dealership (NAME) VALUES ('Porsche Bucuresti Nord');
INSERT INTO dealership (NAME) VALUES ('Porsche Ceska republika s.r.o.');
INSERT INTO dealership (NAME) VALUES ('Porsche Croatia');
INSERT INTO dealership (NAME) VALUES ('Porsche Hungaria');
INSERT INTO dealership (NAME) VALUES ('Porsche Hungária');
INSERT INTO dealership (NAME) VALUES ('Porsche Hungária Kft.');
INSERT INTO dealership (NAME) VALUES ('Porsche Inter Auto d.o.o.');
INSERT INTO dealership (NAME) VALUES ('Porsche Inter Auto d.o.o. PJ Jankomir');
INSERT INTO dealership (NAME) VALUES ('Porsche Inter Auto d.o.o. PJ Rijeka');
INSERT INTO dealership (NAME) VALUES ('Porsche Inter Auto GmbH & Co KG');
INSERT INTO dealership (NAME) VALUES ('Porsche Inter Auto Hungaria');
INSERT INTO dealership (NAME) VALUES ('Porsche InterAuto');
INSERT INTO dealership (NAME) VALUES ('Porsche Novi Sad');
INSERT INTO dealership (NAME) VALUES ('PORSCHE ROMANIA');
INSERT INTO dealership (NAME) VALUES ('Porsche SCG');
INSERT INTO dealership (NAME) VALUES ('Porsche Slovakia');
INSERT INTO dealership (NAME) VALUES ('Porsche Slovenija d.o.o.');
INSERT INTO dealership (NAME) VALUES ('Porsche Ukraine');
INSERT INTO dealership (NAME) VALUES ('Porsche Ukraine  (Importeur)');
INSERT INTO dealership (NAME) VALUES ('Porsche Ukraine (Importeur)');
INSERT INTO dealership (NAME) VALUES ('Posche');
INSERT INTO dealership (NAME) VALUES ('Pratteln, AMAG Pratteln');
INSERT INTO dealership (NAME) VALUES ('PRAXI');
INSERT INTO dealership (NAME) VALUES ('Pro Car Service & Vertriebs GmbH');
INSERT INTO dealership (NAME) VALUES ('Pro Moto Katowice');
INSERT INTO dealership (NAME) VALUES ('PROAUTO');
INSERT INTO dealership (NAME) VALUES ('PRVÝ TRENcIANSKY AUTOSERVIS');
INSERT INTO dealership (NAME) VALUES ('Prvý Trenčiansky Autoservis');
INSERT INTO dealership (NAME) VALUES ('Pulman Seat');
INSERT INTO dealership (NAME) VALUES ('Pulman seat and cupra');
INSERT INTO dealership (NAME) VALUES ('Punzenberger Ges.m.b.H.');
INSERT INTO dealership (NAME) VALUES ('PYRAMIDA Centrum s.r.o.');
INSERT INTO dealership (NAME) VALUES ('Q & D SOLUCIONES');
INSERT INTO dealership (NAME) VALUES ('Ramsperger Automobile GmbH & Co. KG');
INSERT INTO dealership (NAME) VALUES ('Ratio Mobil Autohandel und Service GmbH - Gornau');
INSERT INTO dealership (NAME) VALUES ('Ratio Mobil Autohandel und Service GmbH -Annaberg');
INSERT INTO dealership (NAME) VALUES ('REAL AUTOMOBILES');
INSERT INTO dealership (NAME) VALUES ('REAL AUTOS DE HIDALGO, S.A. DE C.V.');
INSERT INTO dealership (NAME) VALUES ('REGIO MOTOR');
INSERT INTO dealership (NAME) VALUES ('REIMS');
INSERT INTO dealership (NAME) VALUES ('Reiski Auto');
INSERT INTO dealership (NAME) VALUES ('Reiski Bydgoszcz');
INSERT INTO dealership (NAME) VALUES ('Retailer Support');
INSERT INTO dealership (NAME) VALUES ('RICCHI AUTO S.R.L.');
INSERT INTO dealership (NAME) VALUES ('RIVERY');
INSERT INTO dealership (NAME) VALUES ('RIVIERA TECHNIC');
INSERT INTO dealership (NAME) VALUES ('RK Autowelt Ennigerloh GmbH');
INSERT INTO dealership (NAME) VALUES ('RM JET');
INSERT INTO dealership (NAME) VALUES ('RM JET, spol. s r.o.');
INSERT INTO dealership (NAME) VALUES ('ROISSY EN France');
INSERT INTO dealership (NAME) VALUES ('RONDA AUTOMOTRIZ, S.A. DE C.V.');
INSERT INTO dealership (NAME) VALUES ('Rothrist, Lerch');
INSERT INTO dealership (NAME) VALUES ('Rotschne');
INSERT INTO dealership (NAME) VALUES ('Rotterdam');
INSERT INTO dealership (NAME) VALUES ('ROURE 83');
INSERT INTO dealership (NAME) VALUES ('ROYSAN AUTO');
INSERT INTO dealership (NAME) VALUES ('RSZ Automobile Weiden GmbH & Co. KG');
INSERT INTO dealership (NAME) VALUES ('Rudi Lins Gesellschaft m.b.H. & Co KG');
INSERT INTO dealership (NAME) VALUES ('Rutishauser Automobile AG');
INSERT INTO dealership (NAME) VALUES ('S&K Automobile GmbH');
INSERT INTO dealership (NAME) VALUES ('S. Antonino, Di Leo');
INSERT INTO dealership (NAME) VALUES ('S.K. Handels GmbH');
INSERT INTO dealership (NAME) VALUES ('SAHİNTAS');
INSERT INTO dealership (NAME) VALUES ('SAINT AVERTIN');
INSERT INTO dealership (NAME) VALUES ('SAINT DOULCHARD');
INSERT INTO dealership (NAME) VALUES ('SAINT LEONARD');
INSERT INTO dealership (NAME) VALUES ('SAINT MARCEL');
INSERT INTO dealership (NAME) VALUES ('SAINT MARCEL SAS');
INSERT INTO dealership (NAME) VALUES ('SAINT MAXIMIN');
INSERT INTO dealership (NAME) VALUES ('SAINT SAULVES');
INSERT INTO dealership (NAME) VALUES ('SAINT VICTORET');
INSERT INTO dealership (NAME) VALUES ('SAINTES');
INSERT INTO dealership (NAME) VALUES ('Salazar Israel');
INSERT INTO dealership (NAME) VALUES ('SALTILLO AUTOGAR, S.A. DE C.V.');
INSERT INTO dealership (NAME) VALUES ('Samedan, Gredig');
INSERT INTO dealership (NAME) VALUES ('SAN ANGEL MOTORS, S.A. DE C.V.');
INSERT INTO dealership (NAME) VALUES ('SAN MAZUIN NANINNE');
INSERT INTO dealership (NAME) VALUES ('SANTANDER AUTOMOTORES, S.A. DE C.V.');
INSERT INTO dealership (NAME) VALUES ('Santogal');
INSERT INTO dealership (NAME) VALUES ('Santogal Alfragide');
INSERT INTO dealership (NAME) VALUES ('Santogal V - Auto Competição');
INSERT INTO dealership (NAME) VALUES ('SAPERED');
INSERT INTO dealership (NAME) VALUES ('SAPHIR AUTOMOBILES SA');
INSERT INTO dealership (NAME) VALUES ('Sara Bedmar');
INSERT INTO dealership (NAME) VALUES ('SARDUR');
INSERT INTO dealership (NAME) VALUES ('SARED AUTOMOTRIZ CHAPULTEPEC S.A. DE C.V.');
INSERT INTO dealership (NAME) VALUES ('SARL DB AUTO 21');
INSERT INTO dealership (NAME) VALUES ('SARL IBERIA AUTOS');
INSERT INTO dealership (NAME) VALUES ('SARSA');
INSERT INTO dealership (NAME) VALUES ('SAS ADVANCE');
INSERT INTO dealership (NAME) VALUES ('SAS ESPACE 3000');
INSERT INTO dealership (NAME) VALUES ('SAS ETS EUROPE GARAGE');
INSERT INTO dealership (NAME) VALUES ('SAS GVA BYMYCAR LYON');
INSERT INTO dealership (NAME) VALUES ('SAS IBERIAN MOTORS');
INSERT INTO dealership (NAME) VALUES ('SAS VILLERS SERVICES CENTER');
INSERT INTO dealership (NAME) VALUES ('SAVOY');
INSERT INTO dealership (NAME) VALUES ('SCAR S.R.L.');
INSERT INTO dealership (NAME) VALUES ('SCARABEL S.P.A.');
INSERT INTO dealership (NAME) VALUES ('Scherer');
INSERT INTO dealership (NAME) VALUES ('Scherer Automobil GmbH & Co. KG');
INSERT INTO dealership (NAME) VALUES ('Scherer GmbH');
INSERT INTO dealership (NAME) VALUES ('Scherer GmbH & Co. KG');
INSERT INTO dealership (NAME) VALUES ('Scherer GmbH & Co. KG Mainz');
INSERT INTO dealership (NAME) VALUES ('Scherer GmbH & Co. KG, Homburg');
INSERT INTO dealership (NAME) VALUES ('Schlieren, Th. Willy AG Auto-Zentrum');
INSERT INTO dealership (NAME) VALUES ('Schlossgarage Brunegg AG');
INSERT INTO dealership (NAME) VALUES ('Schmidt & Hoffmann Neumünster GmbH & Co. KG');
INSERT INTO dealership (NAME) VALUES ('Schnurrer Autocenter GmbH');
INSERT INTO dealership (NAME) VALUES ('Schu Chenée');
INSERT INTO dealership (NAME) VALUES ('Schuler + Eisner GmbH & Co. KG');
INSERT INTO dealership (NAME) VALUES ('Schwaba Augsburg Süd ZwNl der Schwaba GmbH');
INSERT INTO dealership (NAME) VALUES ('Schwandl Fahrzeug & Vertriebs GmbH');
INSERT INTO dealership (NAME) VALUES ('SCIARRA S.P.A.');
INSERT INTO dealership (NAME) VALUES ('SEALCO');
INSERT INTO dealership (NAME) VALUES ('SEALCO MOTOR');
INSERT INTO dealership (NAME) VALUES ('SEARE');
INSERT INTO dealership (NAME) VALUES ('SEAT');
INSERT INTO dealership (NAME) VALUES ('SEAT  Store Lakeside');
INSERT INTO dealership (NAME) VALUES ('SEAT & CUPRA NZ');
INSERT INTO dealership (NAME) VALUES ('SEAT and CUPRA FG Barnes Maidstone');
INSERT INTO dealership (NAME) VALUES ('SEAT and CUPRA Hendy Brighton');
INSERT INTO dealership (NAME) VALUES ('SEAT and CUPRA JCT 600 Leeds');
INSERT INTO dealership (NAME) VALUES ('SEAT and CUPRA SMC Woking');
INSERT INTO dealership (NAME) VALUES ('SEAT and CUPRA Stoneacre Peterborough');
INSERT INTO dealership (NAME) VALUES ('SEAT and CUPRA Vindis Milton Keynes');
INSERT INTO dealership (NAME) VALUES ('SEAT and CUPRA WJ King Bromley');
INSERT INTO dealership (NAME) VALUES ('SEAT Baltics');
INSERT INTO dealership (NAME) VALUES ('SEAT Birkerod');
INSERT INTO dealership (NAME) VALUES ('SEAT Center Airport');
INSERT INTO dealership (NAME) VALUES ('SEAT Center Espoo');
INSERT INTO dealership (NAME) VALUES ('SEAT Center Helsinki');
INSERT INTO dealership (NAME) VALUES ('SEAT Center Tampere');
INSERT INTO dealership (NAME) VALUES ('SEAT Center Turku');
INSERT INTO dealership (NAME) VALUES ('SEAT CHILE');
INSERT INTO dealership (NAME) VALUES ('SEAT Copenhagen');
INSERT INTO dealership (NAME) VALUES ('SEAT CUPRA UK');
INSERT INTO dealership (NAME) VALUES ('SEAT D');
INSERT INTO dealership (NAME) VALUES ('SEAT Danmark');
INSERT INTO dealership (NAME) VALUES ('SEAT Denmark');
INSERT INTO dealership (NAME) VALUES ('SEAT Deustchland');
INSERT INTO dealership (NAME) VALUES ('SEAT Deutschland');
INSERT INTO dealership (NAME) VALUES ('SEAT Deutschland GmbH');
INSERT INTO dealership (NAME) VALUES ('SEAT DK');
INSERT INTO dealership (NAME) VALUES ('SEAT ES');
INSERT INTO dealership (NAME) VALUES ('SEAT ESPAÑA');
INSERT INTO dealership (NAME) VALUES ('SEAT Finland');
INSERT INTO dealership (NAME) VALUES ('SEAT FRANCE');
INSERT INTO dealership (NAME) VALUES ('SEAT Head Office');
INSERT INTO dealership (NAME) VALUES ('SEAT HR');
INSERT INTO dealership (NAME) VALUES ('SEAT Import');
INSERT INTO dealership (NAME) VALUES ('SEAT Import Belgium');
INSERT INTO dealership (NAME) VALUES ('SEAT IR');
INSERT INTO dealership (NAME) VALUES ('SEAT Ireland');
INSERT INTO dealership (NAME) VALUES ('SEAT Ireland Importer');
INSERT INTO dealership (NAME) VALUES ('SEAT ITALIA');
INSERT INTO dealership (NAME) VALUES ('SEAT Markenpavillion');
INSERT INTO dealership (NAME) VALUES ('SEAT Markenpavillon');
INSERT INTO dealership (NAME) VALUES ('SEAT NL');
INSERT INTO dealership (NAME) VALUES ('SEAT NO');
INSERT INTO dealership (NAME) VALUES ('SEAT Oslo');
INSERT INTO dealership (NAME) VALUES ('SEAT Portugal');
INSERT INTO dealership (NAME) VALUES ('SEAT SA');
INSERT INTO dealership (NAME) VALUES ('seat serbia');
INSERT INTO dealership (NAME) VALUES ('SEAT Silkeborg');
INSERT INTO dealership (NAME) VALUES ('SEAT UK');
INSERT INTO dealership (NAME) VALUES ('SEAT VO');
INSERT INTO dealership (NAME) VALUES ('SEAT White City');
INSERT INTO dealership (NAME) VALUES ('SEAT Worcester');
INSERT INTO dealership (NAME) VALUES ('SEAT/CUPRA Odense');
INSERT INTO dealership (NAME) VALUES ('SEAUTO');
INSERT INTO dealership (NAME) VALUES ('Seitz Autohandels- GmbH + Co. KG');
INSERT INTO dealership (NAME) VALUES ('Seitz GmbH');
INSERT INTO dealership (NAME) VALUES ('Semler Academy');
INSERT INTO dealership (NAME) VALUES ('SEMLER Kundecenter');
INSERT INTO dealership (NAME) VALUES ('Semler Retail A/S Kastrup');
INSERT INTO dealership (NAME) VALUES ('Semler Retail A/S Kobenhavn');
INSERT INTO dealership (NAME) VALUES ('Semlerretail Silkeborg');
INSERT INTO dealership (NAME) VALUES ('SENSACION CITY, S.A. DE C.V.');
INSERT INTO dealership (NAME) VALUES ('SERE Motors');
INSERT INTO dealership (NAME) VALUES ('SERRAUTO');
INSERT INTO dealership (NAME) VALUES ('Service-Auto-Garage Hein & Montnacher GmbH  Rehlingen');
INSERT INTO dealership (NAME) VALUES ('Service-Auto-Garage Hein & Montnacher GmbH Rehlingen');
INSERT INTO dealership (NAME) VALUES ('SEVILLA MOTOR');
INSERT INTO dealership (NAME) VALUES ('SGDM SAS');
INSERT INTO dealership (NAME) VALUES ('Signy, Bottone Car Sa');
INSERT INTO dealership (NAME) VALUES ('Sinclair SEAT and CUPRA');
INSERT INTO dealership (NAME) VALUES ('Sion, Olympic');
INSERT INTO dealership (NAME) VALUES ('Sirnach, Herzog');
INSERT INTO dealership (NAME) VALUES ('SIVA');
INSERT INTO dealership (NAME) VALUES ('Skoda');
INSERT INTO dealership (NAME) VALUES ('SMW Autovertrieb GmbH');
INSERT INTO dealership (NAME) VALUES ('Snows SEAT Poole');
INSERT INTO dealership (NAME) VALUES ('Snows Seat/Cupra Poole');
INSERT INTO dealership (NAME) VALUES ('SODAUTO');
INSERT INTO dealership (NAME) VALUES ('Söderbergs Bil');
INSERT INTO dealership (NAME) VALUES ('SOGECORE');
INSERT INTO dealership (NAME) VALUES ('Solvsten Biler');
INSERT INTO dealership (NAME) VALUES ('Sølvsten Biler A/S');
INSERT INTO dealership (NAME) VALUES ('Sorek');
INSERT INTO dealership (NAME) VALUES ('Špan d.o.o.');
INSERT INTO dealership (NAME) VALUES ('Spindler SEWÜ GmbH');
INSERT INTO dealership (NAME) VALUES ('Spirit Auto Kft.');
INSERT INTO dealership (NAME) VALUES ('Spirit SEAT');
INSERT INTO dealership (NAME) VALUES ('SPORJOP');
INSERT INTO dealership (NAME) VALUES ('SPORT 67');
INSERT INTO dealership (NAME) VALUES ('STAGG & FRIENDS GMBH');
INSERT INTO dealership (NAME) VALUES ('STEEP GmbH');
INSERT INTO dealership (NAME) VALUES ('Stoneacre Peterborough');
INSERT INTO dealership (NAME) VALUES ('SUD AUTO EMOTION');
INSERT INTO dealership (NAME) VALUES ('SUD PYRENEES AUTO');
INSERT INTO dealership (NAME) VALUES ('Sumiswald, Grossenbacher');
INSERT INTO dealership (NAME) VALUES ('Support CMC');
INSERT INTO dealership (NAME) VALUES ('SURMOCION');
INSERT INTO dealership (NAME) VALUES ('SURMOVIL MOTOR');
INSERT INTO dealership (NAME) VALUES ('Switoń-Paczkowski');
INSERT INTO dealership (NAME) VALUES ('Świtoń-Paczkowski');
INSERT INTO dealership (NAME) VALUES ('Switon-Paczkowski Lubin');
INSERT INTO dealership (NAME) VALUES ('Switon-Paczkowski Zielona Góra');
INSERT INTO dealership (NAME) VALUES ('Świtoń-Paczkowski Zielona Góra');
INSERT INTO dealership (NAME) VALUES ('TAES MOTOR');
INSERT INTO dealership (NAME) VALUES ('TALL. HERCOS COLINDRES');
INSERT INTO dealership (NAME) VALUES ('TALLERES HERCOS COLINDRES');
INSERT INTO dealership (NAME) VALUES ('TALLERES MENORCA');
INSERT INTO dealership (NAME) VALUES ('TAMBO MOTOR');
INSERT INTO dealership (NAME) VALUES ('Technocar Maee');
INSERT INTO dealership (NAME) VALUES ('TECHNOCAR SA');
INSERT INTO dealership (NAME) VALUES ('Tepass Gevelsberg GmbH & Co. KG');
INSERT INTO dealership (NAME) VALUES ('Tepass Gevelsberg GmbH + Co. KG');
INSERT INTO dealership (NAME) VALUES ('Th. Willy AG');
INSERT INTO dealership (NAME) VALUES ('Th. Willy AG Auto-Zentrum');
INSERT INTO dealership (NAME) VALUES ('Thiel Schloß Neuhaus GmbH & Co. KG');
INSERT INTO dealership (NAME) VALUES ('Thoen Automotive');
INSERT INTO dealership (NAME) VALUES ('Tiemeyer automobile BO GmbH & Co. KG');
INSERT INTO dealership (NAME) VALUES ('Tiemeyer Automobile RE GmbH & Co. KG');
INSERT INTO dealership (NAME) VALUES ('Tiemeyer Gelsenkirchen-Horst GmbH & Co.KG');
INSERT INTO dealership (NAME) VALUES ('Tix Automobile GmbH');
INSERT INTO dealership (NAME) VALUES ('TL Automobile Vertriebs GmbH & Co KG');
INSERT INTO dealership (NAME) VALUES ('Todos Zilina');
INSERT INTO dealership (NAME) VALUES ('TOMBLAINE');
INSERT INTO dealership (NAME) VALUES ('Tondo AG Automobile');
INSERT INTO dealership (NAME) VALUES ('Tondo AG, Automobile');
INSERT INTO dealership (NAME) VALUES ('TOP FOUR S.P.A.');
INSERT INTO dealership (NAME) VALUES ('Top Motors Wevelgem');
INSERT INTO dealership (NAME) VALUES ('Topauto Tallinn');
INSERT INTO dealership (NAME) VALUES ('TOPCAR');
INSERT INTO dealership (NAME) VALUES ('TORRECILLAS Y RUBENS');
INSERT INTO dealership (NAME) VALUES ('TOSONI AUTO S.P.A.');
INSERT INTO dealership (NAME) VALUES ('TOULON');
INSERT INTO dealership (NAME) VALUES ('Toveks Bil');
INSERT INTO dealership (NAME) VALUES ('TOY MOTOR S.R.L.');
INSERT INTO dealership (NAME) VALUES ('TRAINER');
INSERT INTO dealership (NAME) VALUES ('TrainingHubVisitor');
INSERT INTO dealership (NAME) VALUES ('TRAKEHNEN, S.A. DE C.V.');
INSERT INTO dealership (NAME) VALUES ('TRANSLATION');
INSERT INTO dealership (NAME) VALUES ('TROYES');
INSERT INTO dealership (NAME) VALUES ('Tüpker Automobile GmbH');
INSERT INTO dealership (NAME) VALUES ('TURIAL');
INSERT INTO dealership (NAME) VALUES ('UAB Autojuta Kaunas');
INSERT INTO dealership (NAME) VALUES ('Uconsult');
INSERT INTO dealership (NAME) VALUES ('Uggerhøj');
INSERT INTO dealership (NAME) VALUES ('UK');
INSERT INTO dealership (NAME) VALUES ('Unicars LTD');
INSERT INTO dealership (NAME) VALUES ('United Motor Trade Co.');
INSERT INTO dealership (NAME) VALUES ('Unterlunkhofen, Garage W. Brumann AG');
INSERT INTO dealership (NAME) VALUES ('Untersiggenthal, Altenburg-Garage AG');
INSERT INTO dealership (NAME) VALUES ('UNTORIA CAR');
INSERT INTO dealership (NAME) VALUES ('UTILIA');
INSERT INTO dealership (NAME) VALUES ('V. AUTOSTAR S.R.L.');
INSERT INTO dealership (NAME) VALUES ('VALENCE');
INSERT INTO dealership (NAME) VALUES ('Valenzuela&Delarze');
INSERT INTO dealership (NAME) VALUES ('VALLADOLID MOTOR');
INSERT INTO dealership (NAME) VALUES ('VANNI AUTOSTORE S.R.L.');
INSERT INTO dealership (NAME) VALUES ('VAQCSA GUADALAJARA S.A DE C.V');
INSERT INTO dealership (NAME) VALUES ('VAROCAR');
INSERT INTO dealership (NAME) VALUES ('VAUBAN DISTRIBUTION CERGY');
INSERT INTO dealership (NAME) VALUES ('VELMAR SA');
INSERT INTO dealership (NAME) VALUES ('VERT ST DENIS');
INSERT INTO dealership (NAME) VALUES ('Vertex Euro Motors');
INSERT INTO dealership (NAME) VALUES ('VEZIN LE COQUET');
INSERT INTO dealership (NAME) VALUES ('VGP');
INSERT INTO dealership (NAME) VALUES ('VGS');
INSERT INTO dealership (NAME) VALUES ('VGS Training Academy');
INSERT INTO dealership (NAME) VALUES ('VIAVAI S.P.A.');
INSERT INTO dealership (NAME) VALUES ('Vierthaler GmbH');
INSERT INTO dealership (NAME) VALUES ('VIGILSA');
INSERT INTO dealership (NAME) VALUES ('Villaz-St-Pierre, Garage Despont Bernard');
INSERT INTO dealership (NAME) VALUES ('VILLEFRANCHE SUR SAONE');
INSERT INTO dealership (NAME) VALUES ('VILLENEUVE D'' ASCQ');
INSERT INTO dealership (NAME) VALUES ('VİMSA');
INSERT INTO dealership (NAME) VALUES ('Volkswagen Automobile Berlin GmbH');
INSERT INTO dealership (NAME) VALUES ('Volkswagen Automobile Stuttgart GmbH');
INSERT INTO dealership (NAME) VALUES ('Volkswagen Group Sverige AB');
INSERT INTO dealership (NAME) VALUES ('Volkswagen Zentrum  Dresden GmbH & Co. KG');
INSERT INTO dealership (NAME) VALUES ('Volkswagen Zentrum Dresden GmbH & Co. KG');
INSERT INTO dealership (NAME) VALUES ('Volkswagen Zentrum Leverkusen GmbH & Co. KG');
INSERT INTO dealership (NAME) VALUES ('VOSKAR');
INSERT INTO dealership (NAME) VALUES ('VOSMER');
INSERT INTO dealership (NAME) VALUES ('Vospers SEAT Plymouth');
INSERT INTO dealership (NAME) VALUES ('VW GROUP SERVICE');
INSERT INTO dealership (NAME) VALUES ('VZ Duisburg GmbH & Co. KG');
INSERT INTO dealership (NAME) VALUES ('W Livingstone Ltd');
INSERT INTO dealership (NAME) VALUES ('W. Livingstone ltd');
INSERT INTO dealership (NAME) VALUES ('W.Brumann AG');
INSERT INTO dealership (NAME) VALUES ('Wäldergarage Meusburger GmbH');
INSERT INTO dealership (NAME) VALUES ('Waldhausen & Bürkel Rheindahlen GmbH & Co. KG');
INSERT INTO dealership (NAME) VALUES ('Walter Győr');
INSERT INTO dealership (NAME) VALUES ('Walter Hintersteiner e.U.');
INSERT INTO dealership (NAME) VALUES ('Walter Mayer GmbH');
INSERT INTO dealership (NAME) VALUES ('Weber + Seitz GmbH');
INSERT INTO dealership (NAME) VALUES ('WENDECAR S.P.A.- BELFORTE90');
INSERT INTO dealership (NAME) VALUES ('Wentorf & Schenkhut GmbH');
INSERT INTO dealership (NAME) VALUES ('Westbergs Bil Umeå');
INSERT INTO dealership (NAME) VALUES ('Wiesinger GmbH');
INSERT INTO dealership (NAME) VALUES ('Wiesinger GmbH- Mistelbach');
INSERT INTO dealership (NAME) VALUES ('Wilderswil, Auto Rüger AG Wilderswil');
INSERT INTO dealership (NAME) VALUES ('WOIPPY');
INSERT INTO dealership (NAME) VALUES ('Worb, Garage Pro Auto Worb AG');
INSERT INTO dealership (NAME) VALUES ('Würenlos, Neue Centrum Garage AG');
INSERT INTO dealership (NAME) VALUES ('YAgCI BALIKESİR');
INSERT INTO dealership (NAME) VALUES ('YAgCI EDREMİT');
INSERT INTO dealership (NAME) VALUES ('YAZICIOgLU');
INSERT INTO dealership (NAME) VALUES ('Yverdon, Alternativ-Cars');
INSERT INTO dealership (NAME) VALUES ('Zell, Wagner');
INSERT INTO dealership (NAME) VALUES ('ZNL Porsche Graz-Kärntnerstraße');
INSERT INTO dealership (NAME) VALUES ('ZNL Porsche Leopoldauerstraße');
INSERT INTO dealership (NAME) VALUES ('ZNL Porsche Linz');
INSERT INTO dealership (NAME) VALUES ('ZNL Porsche Linz-Leonding');
INSERT INTO dealership (NAME) VALUES ('ZNL Porsche Salzburg');
INSERT INTO dealership (NAME) VALUES ('ZNL Porsche Wien-Donaustadt');
INSERT INTO dealership (NAME) VALUES ('ZNL Porsche Wiener Neustadt');
INSERT INTO dealership (NAME) VALUES ('ZNL Porsche Wien-Hietzing');
INSERT INTO dealership (NAME) VALUES ('ZNL Porsche Wien-Liesing');
INSERT INTO dealership (NAME) VALUES ('Zuchwil, AMAG');
INSERT INTO dealership (NAME) VALUES ('Zürich, Garage Johann Frei AG');
INSERT INTO dealership (NAME) VALUES ('Zwolle');
INSERT INTO dealership (CITY,NAME) VALUES ('Berlin','your dealername');

/* Table: gender */
INSERT INTO `gender` VALUES (1,'Female'),(2,'Male');

/* Table: job_title */
INSERT INTO `job_title`  (name) VALUES ('CUPRA Master'),('CUPRA Specialist'),('Sales Executive'),('Sales Manager'),('Trainer'),('Internal'),('Fleets'),('Used Cars'),('After Sales'),('Other');

/* Table: relation */
INSERT INTO `relation` VALUES (1,'Married'),(2,'Divorced'),(3,'Single'),(4,'Widow / Widower');

/* Table: user_type */
INSERT INTO `user_type` VALUES (1,'App'),(2,'Admin');

/* Table: audience_type */
INSERT INTO `audience_type` VALUES (1,'General'),(2,'Market');

/* Table: term_condition */
INSERT INTO term_condition (language, type, position, title, message) VALUES ('ES',1,1, 'Espagnol type 1 Lorem ipsum dolor sit amet', 'Lorem ipsum dolor sit amet, consectetur adipiscing elit. Etiam sagittis nisi eget imperdiet rutrum. Curabitur viverra augue pellentesque velit tempus sagittis nec ac dui. Nunc porttitor vel nulla in suscipit. Aliquam ornare egestas odio, in sodales mauris suscipit sed. Suspendisse potenti. Pellentesque et ex velit. Aenean pharetra ante et fringilla efficitur. Fusce viverra turpis quis lacus hendrerit volutpat. Etiam posuere placerat quam, non dictum felis gravida ac. ' );
INSERT INTO term_condition (language, type, position, title, message) VALUES ('ES',1,2, 'Espagnol type 1 Donec ultrices feugiat nulla, vel fringilla urna tempus ut', 'Donec ultrices feugiat nulla, vel fringilla urna tempus ut. Curabitur nec nunc ut erat consectetur tristique efficitur quis nisi. Phasellus non tincidunt lorem, sed suscipit nunc. Integer et urna a eros consectetur cursus. Morbi tempus massa a sem fringilla, et viverra tellus volutpat. Aliquam erat volutpat. Nullam bibendum et lectus et lobortis. ' );
INSERT INTO term_condition (language, type, position, title, message) VALUES ('ES',1,3, 'Espagnol type 1 Donec euismod dignissim tortor, at gravida nulla sodales ut', 'Ut feugiat tortor non ultrices sollicitudin. In tempus et odio vitae finibus. Integer in mollis velit. Sed nisi ipsum, pulvinar sed dui quis, ultricies tincidunt dolor. Pellentesque interdum eros risus, vel sollicitudin arcu consectetur eget. Pellentesque eget leo vitae elit iaculis pellentesque vel sit amet est. Donec porta vel orci et tincidunt. Pellentesque sed ullamcorper tortor, eu ultrices ex. Maecenas accumsan imperdiet quam consectetur commodo. Duis faucibus justo eget mi vehicula hendrerit. ' );
INSERT INTO term_condition (language, type, position, title, message) VALUES ('ES',1,4, 'Espagnol type 1 Maecenas condimentum varius mauris a feugiat', 'Maecenas condimentum varius mauris a feugiat. Donec convallis eu felis fermentum scelerisque. Etiam mattis porta quam. Cras dictum ante ac elit interdum posuere. Cras mattis urna metus, eu varius dolor varius ac. Curabitur vitae suscipit risus. Integer quam velit, accumsan tincidunt consequat posuere, lobortis eget lacus. In vel malesuada felis. ' );

INSERT INTO term_condition (language, type, position, title, message) VALUES ('ES',2,1, 'Espagnol type 2 Lorem ipsum dolor sit amet', 'Lorem ipsum dolor sit amet, consectetur adipiscing elit. Etiam sagittis nisi eget imperdiet rutrum. Curabitur viverra augue pellentesque velit tempus sagittis nec ac dui. Nunc porttitor vel nulla in suscipit. Aliquam ornare egestas odio, in sodales mauris suscipit sed. Suspendisse potenti. Pellentesque et ex velit. Aenean pharetra ante et fringilla efficitur. Fusce viverra turpis quis lacus hendrerit volutpat. Etiam posuere placerat quam, non dictum felis gravida ac. ' );
INSERT INTO term_condition (language, type, position, title, message) VALUES ('ES',2,2, 'Espagnol type 2 Donec ultrices feugiat nulla, vel fringilla urna tempus ut', 'Donec ultrices feugiat nulla, vel fringilla urna tempus ut. Curabitur nec nunc ut erat consectetur tristique efficitur quis nisi. Phasellus non tincidunt lorem, sed suscipit nunc. Integer et urna a eros consectetur cursus. Morbi tempus massa a sem fringilla, et viverra tellus volutpat. Aliquam erat volutpat. Nullam bibendum et lectus et lobortis. ' );
INSERT INTO term_condition (language, type, position, title, message) VALUES ('ES',2,3, 'Espagnol type 2 Donec euismod dignissim tortor, at gravida nulla sodales ut', 'Ut feugiat tortor non ultrices sollicitudin. In tempus et odio vitae finibus. Integer in mollis velit. Sed nisi ipsum, pulvinar sed dui quis, ultricies tincidunt dolor. Pellentesque interdum eros risus, vel sollicitudin arcu consectetur eget. Pellentesque eget leo vitae elit iaculis pellentesque vel sit amet est. Donec porta vel orci et tincidunt. Pellentesque sed ullamcorper tortor, eu ultrices ex. Maecenas accumsan imperdiet quam consectetur commodo. Duis faucibus justo eget mi vehicula hendrerit. ' );
INSERT INTO term_condition (language, type, position, title, message) VALUES ('ES',2,4, 'Espagnol type 2 Maecenas condimentum varius mauris a feugiat', 'Maecenas condimentum varius mauris a feugiat. Donec convallis eu felis fermentum scelerisque. Etiam mattis porta quam. Cras dictum ante ac elit interdum posuere. Cras mattis urna metus, eu varius dolor varius ac. Curabitur vitae suscipit risus. Integer quam velit, accumsan tincidunt consequat posuere, lobortis eget lacus. In vel malesuada felis. ' );

INSERT INTO term_condition (language, type, position, title, message) VALUES ('EN',1,1, 'English type 1 Lorem ipsum dolor sit amet', 'Lorem ipsum dolor sit amet, consectetur adipiscing elit. Etiam sagittis nisi eget imperdiet rutrum. Curabitur viverra augue pellentesque velit tempus sagittis nec ac dui. Nunc porttitor vel nulla in suscipit. Aliquam ornare egestas odio, in sodales mauris suscipit sed. Suspendisse potenti. Pellentesque et ex velit. Aenean pharetra ante et fringilla efficitur. Fusce viverra turpis quis lacus hendrerit volutpat. Etiam posuere placerat quam, non dictum felis gravida ac. ' );
INSERT INTO term_condition (language, type, position, title, message) VALUES ('EN',1,2, 'English type 1 Donec ultrices feugiat nulla, vel fringilla urna tempus ut', 'Donec ultrices feugiat nulla, vel fringilla urna tempus ut. Curabitur nec nunc ut erat consectetur tristique efficitur quis nisi. Phasellus non tincidunt lorem, sed suscipit nunc. Integer et urna a eros consectetur cursus. Morbi tempus massa a sem fringilla, et viverra tellus volutpat. Aliquam erat volutpat. Nullam bibendum et lectus et lobortis. ' );
INSERT INTO term_condition (language, type, position, title, message) VALUES ('EN',1,3, 'English type 1 Donec euismod dignissim tortor, at gravida nulla sodales ut', 'Ut feugiat tortor non ultrices sollicitudin. In tempus et odio vitae finibus. Integer in mollis velit. Sed nisi ipsum, pulvinar sed dui quis, ultricies tincidunt dolor. Pellentesque interdum eros risus, vel sollicitudin arcu consectetur eget. Pellentesque eget leo vitae elit iaculis pellentesque vel sit amet est. Donec porta vel orci et tincidunt. Pellentesque sed ullamcorper tortor, eu ultrices ex. Maecenas accumsan imperdiet quam consectetur commodo. Duis faucibus justo eget mi vehicula hendrerit. ' );
INSERT INTO term_condition (language, type, position, title, message) VALUES ('EN',1,4, 'English type 1 Maecenas condimentum varius mauris a feugiat', 'Maecenas condimentum varius mauris a feugiat. Donec convallis eu felis fermentum scelerisque. Etiam mattis porta quam. Cras dictum ante ac elit interdum posuere. Cras mattis urna metus, eu varius dolor varius ac. Curabitur vitae suscipit risus. Integer quam velit, accumsan tincidunt consequat posuere, lobortis eget lacus. In vel malesuada felis. ' );

INSERT INTO term_condition (language, type, position, title, message) VALUES ('EN',2,1, 'English type 2 Lorem ipsum dolor sit amet', 'Lorem ipsum dolor sit amet, consectetur adipiscing elit. Etiam sagittis nisi eget imperdiet rutrum. Curabitur viverra augue pellentesque velit tempus sagittis nec ac dui. Nunc porttitor vel nulla in suscipit. Aliquam ornare egestas odio, in sodales mauris suscipit sed. Suspendisse potenti. Pellentesque et ex velit. Aenean pharetra ante et fringilla efficitur. Fusce viverra turpis quis lacus hendrerit volutpat. Etiam posuere placerat quam, non dictum felis gravida ac. ' );
INSERT INTO term_condition (language, type, position, title, message) VALUES ('EN',2,2, 'English type 2 Donec ultrices feugiat nulla, vel fringilla urna tempus ut', 'Donec ultrices feugiat nulla, vel fringilla urna tempus ut. Curabitur nec nunc ut erat consectetur tristique efficitur quis nisi. Phasellus non tincidunt lorem, sed suscipit nunc. Integer et urna a eros consectetur cursus. Morbi tempus massa a sem fringilla, et viverra tellus volutpat. Aliquam erat volutpat. Nullam bibendum et lectus et lobortis. ' );
INSERT INTO term_condition (language, type, position, title, message) VALUES ('EN',2,3, 'English type 2 Donec euismod dignissim tortor, at gravida nulla sodales ut', 'Ut feugiat tortor non ultrices sollicitudin. In tempus et odio vitae finibus. Integer in mollis velit. Sed nisi ipsum, pulvinar sed dui quis, ultricies tincidunt dolor. Pellentesque interdum eros risus, vel sollicitudin arcu consectetur eget. Pellentesque eget leo vitae elit iaculis pellentesque vel sit amet est. Donec porta vel orci et tincidunt. Pellentesque sed ullamcorper tortor, eu ultrices ex. Maecenas accumsan imperdiet quam consectetur commodo. Duis faucibus justo eget mi vehicula hendrerit. ' );
INSERT INTO term_condition (language, type, position, title, message) VALUES ('EN',2,4, 'English type 2 Maecenas condimentum varius mauris a feugiat', 'Maecenas condimentum varius mauris a feugiat. Donec convallis eu felis fermentum scelerisque. Etiam mattis porta quam. Cras dictum ante ac elit interdum posuere. Cras mattis urna metus, eu varius dolor varius ac. Curabitur vitae suscipit risus. Integer quam velit, accumsan tincidunt consequat posuere, lobortis eget lacus. In vel malesuada felis. ' );

/* Table: hashtag */
INSERT INTO `hashtag` (id, hashtag) VALUES (1,'Test');

/* Table: notification */
INSERT INTO `notification` (id, name, message, type) VALUES (1,'Test notification','Test notification message', 0);

/* Table: country */
INSERT INTO `country` (id, name, prefix, language, flag) VALUES (1,'France','FR','French', 'Flag_francia');
INSERT INTO `country` (id, name, prefix, language, flag) VALUES (2,'Spain','ES','Spanish', 'Flag_espanyol');
INSERT INTO `country` (id, name, prefix, language, flag) VALUES (3,'Chile','CL','Spanish', 'Flag_of_Chile');
INSERT INTO `country` (id, name, prefix, language, flag) VALUES (4,'Germany','DE','German', 'Flag_alemania');

/* Table: user */
INSERT INTO `user` (id, username, email, user_type_id,uid) VALUES (1,'ana.perez', 'anaperez@gmail.com',1 ,'890897');
INSERT INTO `user` (id, username, email, user_type_id,uid) VALUES (2,'jhonny.doe', 'jhonny.doe@gmail.com',1,'4564654');
INSERT INTO `user` (id, username, email, user_type_id,uid) VALUES (3,'maria.estevez', 'maria.estevez@gmail.com',1,'324234');
INSERT INTO `user` (id, username, email, user_type_id,uid) VALUES (4,'perer.annn', 'perer.annn@gmail.com',1,'423432e');
INSERT INTO `user` (id, username, email, user_type_id,uid) VALUES (5,'kolin.kloh', 'guestapple@guestapple.com',1,'4324dff');
INSERT INTO `user` (id, username, email, user_type_id,uid) VALUES (6,'jong.ko', 'jong.ko@gmail.com',1,'4234da');


/* Table: profile */
INSERT INTO `profile` (id, name, lastname, birthday, image, bio, address, phone, public_email, relation_id, country_id, gender_id, dealership_id, job_title_id, user_id) VALUES (2,'Ana','Perez','1993-06-06','https://www.freejpg.com.ar/image-900/80/805e/F100012699-primer_plano_de_un_girasol_en_una_plantacion.jpg', 'Biografia de Ana Perez', 'Barcelona', '+345862521235', 'anaperez@hotmail.com',1,1,1,1,1,1);
INSERT INTO `profile` (id, name, lastname, birthday, image, bio, address, phone, public_email, relation_id, country_id, gender_id, dealership_id, job_title_id, user_id) VALUES (1,'Jhon','Doe','1992-02-02','https://www.hdnicewallpapers.com/Walls/Big/Cat/Black_Cat_Image_Download.jpg', 'Biografia de Jhon Doe', 'Caracas', '+584242521233', 'jhondoe@hotmail.com',1,1,1,1,1,2);
INSERT INTO `profile` (id, name, lastname, birthday, image, bio, address, phone, public_email, relation_id, country_id, gender_id, dealership_id, job_title_id, user_id) VALUES (3,'Maria','Estevez','1992-02-02','https://www.freejpg.com.ar/image-900/22/2265/F100007513-helecho.jpg', 'Biografia de Maria Estevez', 'Caracas', '+584242521233', 'mariae@hotmail.com',1,1,1,1,1,3);
INSERT INTO `profile` (id, name, lastname, birthday, image, bio, address, phone, public_email, relation_id, country_id, gender_id, dealership_id, job_title_id, user_id) VALUES (4,'Perer','Annn','1993-06-06','https://bestprofilepix.com/wp-content/uploads/2014/03/funney-boys-facebook-profile-pictures.jpg', 'Biografia de Perer Annn', 'Barcelona', '+345862521235', 'perea@hotmail.com',1,1,1,1,1,4);
INSERT INTO `profile` (id, name, lastname, birthday, image, bio, address, phone, public_email, relation_id, country_id, gender_id, dealership_id, job_title_id, user_id) VALUES (5,'Kolin','Kloh','1992-02-02','https://www.freejpg.com.ar/image-900/80/805e/F100012699-primer_plano_de_un_girasol_en_una_plantacion.jpg', 'Biografia de Kolin Kloh', 'Caracas', '+584242521233', 'kk@hotmail.com',1,1,1,1,1,5);
INSERT INTO `profile` (id, name, lastname, birthday, image, bio, address, phone, public_email, relation_id, country_id, gender_id, dealership_id, job_title_id, user_id) VALUES (6,'Jong','Ko','1993-06-06','https://bestprofilepix.com/wp-content/uploads/2014/03/funney-boys-facebook-profile-pictures.jpg', 'Biografia de Jong Ko', 'Barcelona', '+345862521235', 'jk@hotmail.com',1,1,1,1,1,6);

/* Table: audience */
INSERT INTO audience (id,limited, audience_type_id) values (1,false, 2);
INSERT INTO audience (id,limited, audience_type_id) values (2,false, 2);
INSERT INTO audience (id,limited, audience_type_id) values (3,false, 2);
INSERT INTO audience (id,limited, audience_type_id) values (4,false, 2);
INSERT INTO audience (id,limited, audience_type_id) values (5,false, 2);
INSERT INTO audience (id,limited, audience_type_id) values (6,false, 2);
INSERT INTO audience (id,limited, audience_type_id) values (7,false, 2);
INSERT INTO audience (id,limited, audience_type_id) values (8,false, 2);
INSERT INTO audience (id,limited, audience_type_id) values (9,false, 2);
INSERT INTO audience (id,limited, audience_type_id) values (10,false, 2);
INSERT INTO audience (id,limited, audience_type_id) values (11,false, 2);
INSERT INTO audience (id,limited, audience_type_id) values (12,false, 2);
INSERT INTO audience (id,limited, audience_type_id) values (13,false, 2);
INSERT INTO audience (id,limited, audience_type_id) values (14,false, 2);
INSERT INTO audience (id,limited, audience_type_id) values (15,false, 2);
INSERT INTO audience (id,limited, audience_type_id) values (16,false, 2);
INSERT INTO audience (id,limited, audience_type_id) values (17,false, 2);
INSERT INTO audience (id,limited, audience_type_id) values (18,false, 2);
INSERT INTO audience (id,limited, audience_type_id) values (19,false, 2);
INSERT INTO audience (id,limited, audience_type_id) values (20,false, 2);
INSERT INTO audience (id,limited, audience_type_id) values (21,false, 2);
INSERT INTO audience (id,limited, audience_type_id) values (22,false, 2);
INSERT INTO audience (id,limited, audience_type_id) values (23,false, 2);
INSERT INTO audience (id,limited, audience_type_id) values (24,false, 2);
INSERT INTO audience (id,limited, audience_type_id) values (25,false, 2);
INSERT INTO audience (id,limited, audience_type_id) values (26,false, 2);
INSERT INTO audience (id,limited, audience_type_id) values (27,false, 2);
INSERT INTO audience (id,limited, audience_type_id) values (28,false, 2);
INSERT INTO audience (id,limited, audience_type_id) values (29,false, 2);
INSERT INTO audience (id,limited, audience_type_id) values (30,false, 2);
INSERT INTO audience (id,limited, audience_type_id) values (31,false, 2);
INSERT INTO audience (id,limited, audience_type_id) values (32,false, 2);
INSERT INTO audience (id,limited, audience_type_id) values (33,false, 2);
INSERT INTO audience (id,limited, audience_type_id) values (34,false, 2);
INSERT INTO audience (id,limited, audience_type_id) values (35,false, 2);
INSERT INTO audience (id,limited, audience_type_id) values (36,false, 2);
INSERT INTO audience (id,limited, audience_type_id) values (37,false, 2);
INSERT INTO audience (id,limited, audience_type_id) values (38,false, 2);
INSERT INTO audience (id,limited, audience_type_id) values (39,false, 2);
INSERT INTO audience (id,limited, audience_type_id) values (40,false, 2);
INSERT INTO audience (id,limited, audience_type_id) values (41,false, 1);

/* Table: audience_name */
INSERT INTO `audience_name` (audience_id, title, language) VALUES (1,'Finlandia','ES');
INSERT INTO `audience_name` (audience_id, title, language) VALUES (1,'Finnland','EN');
INSERT INTO `audience_name` (audience_id, title, language) VALUES (2,'Dinamarca','ES');
INSERT INTO `audience_name` (audience_id, title, language) VALUES (2,'Denmark','EN');
INSERT INTO `audience_name` (audience_id, title, language) VALUES (3,'Turquía','ES');
INSERT INTO `audience_name` (audience_id, title, language) VALUES (3,'Turkey','EN');
INSERT INTO `audience_name` (audience_id, title, language) VALUES (4,'Austria','ES');
INSERT INTO `audience_name` (audience_id, title, language) VALUES (4,'Austria','EN');
INSERT INTO `audience_name` (audience_id, title, language) VALUES (5,'México','ES');
INSERT INTO `audience_name` (audience_id, title, language) VALUES (5,'Mexico','EN');
INSERT INTO `audience_name` (audience_id, title, language) VALUES (6,'Polonia','ES');
INSERT INTO `audience_name` (audience_id, title, language) VALUES (6,'Poland','EN');
INSERT INTO `audience_name` (audience_id, title, language) VALUES (7,'España','ES');
INSERT INTO `audience_name` (audience_id, title, language) VALUES (7,'Spain','EN');
INSERT INTO `audience_name` (audience_id, title, language) VALUES (8,'Luxemburgo','ES');
INSERT INTO `audience_name` (audience_id, title, language) VALUES (8,'Luxembourg','EN');
INSERT INTO `audience_name` (audience_id, title, language) VALUES (9,'Master','ES');
INSERT INTO `audience_name` (audience_id, title, language) VALUES (9,'Master','EN');
INSERT INTO `audience_name` (audience_id, title, language) VALUES (10,'Suiza','ES');
INSERT INTO `audience_name` (audience_id, title, language) VALUES (10,'Switzerland','EN');
INSERT INTO `audience_name` (audience_id, title, language) VALUES (11,'Reino Unido','ES');
INSERT INTO `audience_name` (audience_id, title, language) VALUES (11,'United Kingdom','EN');
INSERT INTO `audience_name` (audience_id, title, language) VALUES (12,'Isla reunión','ES');
INSERT INTO `audience_name` (audience_id, title, language) VALUES (12,'Reunion Island','EN');
INSERT INTO `audience_name` (audience_id, title, language) VALUES (13,'Italia','ES');
INSERT INTO `audience_name` (audience_id, title, language) VALUES (13,'Italy','EN');
INSERT INTO `audience_name` (audience_id, title, language) VALUES (14,'Alemania','ES');
INSERT INTO `audience_name` (audience_id, title, language) VALUES (14,'Germany','EN');
INSERT INTO `audience_name` (audience_id, title, language) VALUES (15,'Croacia','ES');
INSERT INTO `audience_name` (audience_id, title, language) VALUES (15,'Croatia','EN');
INSERT INTO `audience_name` (audience_id, title, language) VALUES (16,'Suecia','ES');
INSERT INTO `audience_name` (audience_id, title, language) VALUES (16,'Sweden','EN');
INSERT INTO `audience_name` (audience_id, title, language) VALUES (17,'Portugal','ES');
INSERT INTO `audience_name` (audience_id, title, language) VALUES (17,'Portugal','EN');
INSERT INTO `audience_name` (audience_id, title, language) VALUES (18,'Francia','ES');
INSERT INTO `audience_name` (audience_id, title, language) VALUES (18,'France','EN');
INSERT INTO `audience_name` (audience_id, title, language) VALUES (19,'República Checa','ES');
INSERT INTO `audience_name` (audience_id, title, language) VALUES (19,'Czech Republic','EN');
INSERT INTO `audience_name` (audience_id, title, language) VALUES (20,'Nueva Zelanda','ES');
INSERT INTO `audience_name` (audience_id, title, language) VALUES (20,'New Zealand','EN');
INSERT INTO `audience_name` (audience_id, title, language) VALUES (21,'Eslovenia','ES');
INSERT INTO `audience_name` (audience_id, title, language) VALUES (21,'Slovenia','EN');
INSERT INTO `audience_name` (audience_id, title, language) VALUES (22,'Noruega','ES');
INSERT INTO `audience_name` (audience_id, title, language) VALUES (22,'Norway','EN');
INSERT INTO `audience_name` (audience_id, title, language) VALUES (23,'Países Bajos','ES');
INSERT INTO `audience_name` (audience_id, title, language) VALUES (23,'Netherlands','EN');
INSERT INTO `audience_name` (audience_id, title, language) VALUES (24,'Hungría','ES');
INSERT INTO `audience_name` (audience_id, title, language) VALUES (24,'Hungary','EN');
INSERT INTO `audience_name` (audience_id, title, language) VALUES (25,'Rumania','ES');
INSERT INTO `audience_name` (audience_id, title, language) VALUES (25,'Romania','EN');
INSERT INTO `audience_name` (audience_id, title, language) VALUES (26,'Bélgica','ES');
INSERT INTO `audience_name` (audience_id, title, language) VALUES (26,'Belgium','EN');
INSERT INTO `audience_name` (audience_id, title, language) VALUES (27,'Israel','ES');
INSERT INTO `audience_name` (audience_id, title, language) VALUES (27,'Israel','EN');
INSERT INTO `audience_name` (audience_id, title, language) VALUES (28,'Eslovaquia','ES');
INSERT INTO `audience_name` (audience_id, title, language) VALUES (28,'Slovakia','EN');
INSERT INTO `audience_name` (audience_id, title, language) VALUES (29,'Chile','ES');
INSERT INTO `audience_name` (audience_id, title, language) VALUES (29,'Chile','EN');
INSERT INTO `audience_name` (audience_id, title, language) VALUES (30,'Irlanda','ES');
INSERT INTO `audience_name` (audience_id, title, language) VALUES (30,'Ireland','EN');
INSERT INTO `audience_name` (audience_id, title, language) VALUES (31,'Ucrania','ES');
INSERT INTO `audience_name` (audience_id, title, language) VALUES (31,'Ukraine','EN');
INSERT INTO `audience_name` (audience_id, title, language) VALUES (32,'Singapur','ES');
INSERT INTO `audience_name` (audience_id, title, language) VALUES (32,'Singapore','EN');
INSERT INTO `audience_name` (audience_id, title, language) VALUES (33,'Grecia','ES');
INSERT INTO `audience_name` (audience_id, title, language) VALUES (33,'Greece','EN');
INSERT INTO `audience_name` (audience_id, title, language) VALUES (34,'Egipto','ES');
INSERT INTO `audience_name` (audience_id, title, language) VALUES (34,'Egypt','EN');
INSERT INTO `audience_name` (audience_id, title, language) VALUES (35,'Túnez','ES');
INSERT INTO `audience_name` (audience_id, title, language) VALUES (35,'Tunisia','EN');
INSERT INTO `audience_name` (audience_id, title, language) VALUES (36,'Palestina','ES');
INSERT INTO `audience_name` (audience_id, title, language) VALUES (36,'Palestine','EN');
INSERT INTO `audience_name` (audience_id, title, language) VALUES (37,'Serbia','ES');
INSERT INTO `audience_name` (audience_id, title, language) VALUES (37,'Serbia','EN');
INSERT INTO `audience_name` (audience_id, title, language) VALUES (38,'Guadalupe','ES');
INSERT INTO `audience_name` (audience_id, title, language) VALUES (38,'Guadalupe','EN');
INSERT INTO `audience_name` (audience_id, title, language) VALUES (39,'Chipre','ES');
INSERT INTO `audience_name` (audience_id, title, language) VALUES (39,'Cyprus','EN');
INSERT INTO `audience_name` (audience_id, title, language) VALUES (40,'Malta','ES');
INSERT INTO `audience_name` (audience_id, title, language) VALUES (40,'Malta','EN');
INSERT INTO `audience_name` (audience_id, title, language) VALUES (41,'Global','ES');
INSERT INTO `audience_name` (audience_id, title, language) VALUES (41,'Global','EN');


/* Table: folder */
INSERT INTO `folder` VALUES (1,'Folder 1','Folder 1'),(2,'Folder 2','Folder 2'),(3,'Folder 3','Folder 3'),(4,'Folder 4','Folder 4');

INSERT INTO `cmcapp`.`document` (description, file, language, name, type, folder_id) VALUES ('Documento 1', 'https://s1.cdn.autoevolution.com/images/news/cupra-goes-racing-with-stunning-leon-competicion-and-e-racer-141239_1.jpg', 'ES', 'Documento 1', '4', '1');
INSERT INTO `cmcapp`.`document` (description, file, language, name, type, folder_id) VALUES ('Documento 2', 'https://www.cupraofficial.com/content/dam/global/cupra-website/generic/pdf/cupra-formentor.pdf', 'ES', 'Documento 2', '1', '1');
INSERT INTO `cmcapp`.`document` (description, file, language, name, type, folder_id) VALUES ('Documento 3', 'https://samplelib.com/lib/preview/mp4/sample-5s.mp4', 'ES', 'Documento 3', '3', '2');
INSERT INTO `cmcapp`.`document` (description, file, language, name, type, folder_id) VALUES ('Documento 4', 'https://s1.cdn.autoevolution.com/images/news/cupra-goes-racing-with-stunning-leon-competicion-and-e-racer-141239_1.jpg', 'ES', 'Documento 4', '4', '3');
INSERT INTO `cmcapp`.`document` (description, file, language, name, type, folder_id) VALUES ('Document 1', 'https://s1.cdn.autoevolution.com/images/news/cupra-goes-racing-with-stunning-leon-competicion-and-e-racer-141239_1.jpg', 'EN', 'Document 1', '4', '1');
INSERT INTO `cmcapp`.`document` (description, file, language, name, type, folder_id) VALUES ('Document 2', 'https://www.cupraofficial.com/content/dam/global/cupra-website/generic/pdf/cupra-formentor.pdf', 'EN', 'Document 2', '1', '1');
INSERT INTO `cmcapp`.`document` (description, file, language, name, type, folder_id) VALUES ('Document 3', 'https://samplelib.com/lib/preview/mp4/sample-5s.mp4', 'EN', 'Document 3', '3', '2');
INSERT INTO `cmcapp`.`document` (description, file, language, name, type, folder_id) VALUES ('Document 4', 'https://s1.cdn.autoevolution.com/images/news/cupra-goes-racing-with-stunning-leon-competicion-and-e-racer-141239_1.jpg', 'EN', 'Document 4', '4', '3');


/* Table: document_audience */
INSERT INTO document_audience (document_id, audience_id) VALUES (1,1);
INSERT INTO document_audience (document_id, audience_id) VALUES (1,2);
INSERT INTO document_audience (document_id, audience_id) VALUES (1,3);
INSERT INTO document_audience (document_id, audience_id) VALUES (2,1);
INSERT INTO document_audience (document_id, audience_id) VALUES (2,2);
INSERT INTO document_audience (document_id, audience_id) VALUES (2,3);
INSERT INTO document_audience (document_id, audience_id) VALUES (3,1);
INSERT INTO document_audience (document_id, audience_id) VALUES (3,2);
INSERT INTO document_audience (document_id, audience_id) VALUES (3,3);
INSERT INTO document_audience (document_id, audience_id) VALUES (4,1);
INSERT INTO document_audience (document_id, audience_id) VALUES (4,2);
INSERT INTO document_audience (document_id, audience_id) VALUES (4,3);
INSERT INTO document_audience (document_id, audience_id) VALUES (5,1);
INSERT INTO document_audience (document_id, audience_id) VALUES (5,2);
INSERT INTO document_audience (document_id, audience_id) VALUES (5,3);
INSERT INTO document_audience (document_id, audience_id) VALUES (6,1);
INSERT INTO document_audience (document_id, audience_id) VALUES (6,2);
INSERT INTO document_audience (document_id, audience_id) VALUES (6,3);
INSERT INTO document_audience (document_id, audience_id) VALUES (7,1);
INSERT INTO document_audience (document_id, audience_id) VALUES (7,2);
INSERT INTO document_audience (document_id, audience_id) VALUES (7,3);
INSERT INTO document_audience (document_id, audience_id) VALUES (8,1);
INSERT INTO document_audience (document_id, audience_id) VALUES (8,2);
INSERT INTO document_audience (document_id, audience_id) VALUES (8,3);

/* Table: document_hashtag */
INSERT INTO `document_hashtag` (document_id, hashtag_id) VALUES (1,1);

/* Table: notification_audience */
INSERT INTO `notification_audience` (notification_id, audience_id) VALUES (1,1);

/* Table: onboarding */
INSERT INTO `onboarding` (id, position, title, message, image, type) VALUES (1,1,'Test onboarding title', 'Test onboarding message', 'http://gasd.com/asdf_dfd',0);

/* Table: post */
INSERT INTO `post` (id, content_resume, content, location, highlighted, appointed, link_url, user_id) VALUES (1,'Test image post...', 'Test image post created for testing purposes', 'Test location', 0,1,'https://test-post.com.es',1);
INSERT INTO `post` (id, content_resume, content, location, highlighted, appointed, link_url, user_id) VALUES (2,'Test multi image post...', 'Test multi image post created for testing purposes', 'Test location', 0,1,'https://test-post.com.es',1);
INSERT INTO `post` (id, content_resume, content, location, highlighted, appointed, link_url, user_id) VALUES (3,'Test video post...', 'Test video post created for testing purposes', 'Test location', 0,1,'https://test-post.com.es',1);
INSERT INTO `post` (id, content_resume, content, location, highlighted, appointed, link_url, user_id) VALUES (4,'Test text post...', 'Test text post created for testing purposes', 'Test location', 0,1,'https://test-post.com.es',1);

/* Table: post_audience */
INSERT INTO `post_audience` (post_id, audience_id) VALUES (1,1), (1,2);
INSERT INTO `post_audience` (post_id, audience_id) VALUES (2,1), (2,3);
INSERT INTO `post_audience` (post_id, audience_id) VALUES (3,3);
INSERT INTO `post_audience` (post_id, audience_id) VALUES (4,2), (4,3);

/* Table: comment */
INSERT INTO `comment` (post_id, user_id, content) VALUES (1,1, 'Test comment on image post');
INSERT INTO `comment` (post_id, user_id, content) VALUES (1,2, 'Another Test comment on image post');
INSERT INTO `comment` (post_id, user_id, content) VALUES (2,2, 'Test comment on multi image post');
INSERT INTO `comment` (post_id, user_id, content) VALUES (3,2, 'Test comment on video post');
INSERT INTO `comment` (post_id, user_id, content) VALUES (4,2, 'Test comment on text post');
INSERT INTO `comment` (post_id, comment_id, user_id, content) VALUES (1,1,2, 'Test comment on comment');

/* Table: like_it */
INSERT INTO `like_it` (post_id, user_id) VALUES (1,1), (1,2);
INSERT INTO `like_it` (post_id, user_id) VALUES (2,2);
INSERT INTO `like_it` (post_id, user_id) VALUES (4,1);
INSERT INTO `like_it` (comment_id, user_id) VALUES (1,2), (1,1);

/* Table: post_hashtag */
INSERT INTO `post_hashtag` (post_id, hashtag_id) VALUES (1,1);

/* Table: user_audience */
INSERT INTO `user_audience` (user_id, audience_id) VALUES (1,1), (2,2), (3,1), (3,3), (4,3), (5,1), (5,2), (5,3), (6,3);

/* Table: resource */
INSERT INTO `resource` (id, post_id, type, position ) VALUES (1,1,2,1);
INSERT INTO `resource` (id, post_id, type, position ) VALUES (2,2,2,1);
INSERT INTO `resource` (id, post_id, type, position ) VALUES (3,2,2,2);
INSERT INTO `resource` (id, post_id, type, position ) VALUES (4,3,3,1);
INSERT INTO `resource` (id, post_id, type, position ) VALUES (5,4,1,1);

/* Table: text_resource */
INSERT INTO `text_resource` (id, background_color, text ) VALUES (5,'#345421','Test text resource');

/* Table: image_resource */
INSERT INTO `image_resource` (id, source) VALUES (1,'https://media.evo.co.uk/image/private/s--xDOd7R9f--/f_auto,t_content-image-full-desktop@1/v1603202479/evo/2020/10/2020%20Cupra%20Formentor%20new-5.jpg');
INSERT INTO `image_resource` (id, source) VALUES (2,'https://www.designers-digest.de/wp-content/uploads/2020/09/CUPRA_Garage_01_HQ.jpg');
INSERT INTO `image_resource` (id, source) VALUES (3,'https://www.designers-digest.de/wp-content/uploads/2020/09/CUPRA_Garage_01_HQ.jpg' );

/* Table: video_resource */
INSERT INTO `video_resource` (id, source) VALUES (4,'https://samplelib.com/lib/preview/mp4/sample-5s.mp4');


/* Table: Question */
INSERT INTO `question` (question_type, language, question, resource) VALUES (0, 'ES', 'Cuantas ruedas tiene un carro?', null);
INSERT INTO `question` (question_type, language, question, resource) VALUES (0, 'ES', 'Cuantos dedos tiene un mono en una mano?', null);
INSERT INTO `question` (question_type, language, question, resource) VALUES (0, 'ES', 'Lugar preferido para vacionar? (Desarrollo)', null);
INSERT INTO `question` (question_type, language, question, resource) VALUES (1, 'ES', 'De que color es el vehiculo de la imagen', 'https://media.istockphoto.com/photos/generic-red-suv-on-a-white-background-side-view-picture-id1157655660?b=1&k=20&m=1157655660&s=170667a&w=0&h=DJEYhRel36-0z-dD6xK8PAOLVnIm43gZgYZeuK1M0zo=');
INSERT INTO `question` (question_type, language, question, resource) VALUES (1, 'ES', 'Selecciona el vehiculo mostrado en color verde', 'https://media.istockphoto.com/photos/blue-3d-hatchback-car-illustration-picture-id499192799?b=1&k=20&m=499192799&s=170667a&w=0&h=9EiXiZ79h-3_Y55cCsUzdSkqP4ymH-OddeizwxtFuZE=');
INSERT INTO `question` (question_type, language, question, resource) VALUES (1, 'ES', 'Que utiliza como como combustible la motocicleta mostrada?', 'https://images.freejpg.com.ar/900/2606/bike-wheels-display-glass-window-big-motorcycle-F100027929.jpg');

INSERT INTO `question` (question_type, language, question, resource) VALUES (0, 'EN', 'How many wheels does a car have?', null);
INSERT INTO `question` (question_type, language, question, resource) VALUES (0, 'EN', 'Hoe many finger does a monkey have in one hand?', null);
INSERT INTO `question` (question_type, language, question, resource) VALUES (0, 'EN', 'Favorite place for vacation? (Develop)', null);
INSERT INTO `question` (question_type, language, question, resource) VALUES (1, 'EN', 'Which color this vehicle is', 'https://media.istockphoto.com/photos/generic-red-suv-on-a-white-background-side-view-picture-id1157655660?b=1&k=20&m=1157655660&s=170667a&w=0&h=DJEYhRel36-0z-dD6xK8PAOLVnIm43gZgYZeuK1M0zo=');
INSERT INTO `question` (question_type, language, question, resource) VALUES (1, 'EN', 'Select the shown vehicle in green', 'https://media.istockphoto.com/photos/blue-3d-hatchback-car-illustration-picture-id499192799?b=1&k=20&m=499192799&s=170667a&w=0&h=9EiXiZ79h-3_Y55cCsUzdSkqP4ymH-OddeizwxtFuZE=');
INSERT INTO `question` (question_type, language, question, resource) VALUES (1, 'EN', 'Which fuel does the shown motorcycle use?', 'https://images.freejpg.com.ar/900/2606/bike-wheels-display-glass-window-big-motorcycle-F100027929.jpg');

/* Table: Option */
/* Spanish */
INSERT INTO `question_option` (question_id, option_type, correct, value, resource) VALUES (1, 0, false, "2", null);
INSERT INTO `question_option` (question_id, option_type, correct, value, resource) VALUES (1, 0, false, "3", null);
INSERT INTO `question_option` (question_id, option_type, correct, value, resource) VALUES (1, 0, true, "4", null);

INSERT INTO `question_option` (question_id, option_type, correct, value, resource) VALUES (2, 0, false, "3", null);
INSERT INTO `question_option` (question_id, option_type, correct, value, resource) VALUES (2, 0, false, "4", null);
INSERT INTO `question_option` (question_id, option_type, correct, value, resource) VALUES (2, 0, true, "5", null);0
INSERT INTO `question_option` (question_id, option_type, correct, value, resource) VALUES (4, 0, true, "Rojo", null);
INSERT INTO `question_option` (question_id, option_type, correct, value, resource) VALUES (4, 0, false, "Verde", null);
INSERT INTO `question_option` (question_id, option_type, correct, value, resource) VALUES (4, 0, false, "Azul", null);

INSERT INTO `question_option` (question_id, option_type, correct, value, resource) VALUES (5, 1, false, "Vehicle", 'https://media.istockphoto.com/photos/generic-red-suv-on-a-white-background-side-view-picture-id1157655660?b=1&k=20&m=1157655660&s=170667a&w=0&h=DJEYhRel36-0z-dD6xK8PAOLVnIm43gZgYZeuK1M0zo=');
INSERT INTO `question_option` (question_id, option_type, correct, value, resource) VALUES (5, 1, true, "Vehicle", 'https://media.istockphoto.com/photos/bright-green-hatchback-family-car-picture-id186872128?b=1&k=20&m=186872128&s=170667a&w=0&h=sHyMiHw_ZAAupNdrxMChU42xJ4iODt9CIzt9CB2Q2go=');
INSERT INTO `question_option` (question_id, option_type, correct, value, resource) VALUES (5, 1, false, "Vehicle", 'https://media.istockphoto.com/photos/blue-3d-hatchback-car-illustration-picture-id499192799?b=1&k=20&m=499192799&s=170667a&w=0&h=9EiXiZ79h-3_Y55cCsUzdSkqP4ymH-OddeizwxtFuZE=');

INSERT INTO `question_option` (question_id, option_type, correct, value, resource) VALUES (6, 0, false, "Gasolina", null);
INSERT INTO `question_option` (question_id, option_type, correct, value, resource) VALUES (6, 0, true, "Diesel", null);

/*English*/
INSERT INTO `question_option` (question_id, option_type, correct, value, resource) VALUES (7, 0, false, "2", null);
INSERT INTO `question_option` (question_id, option_type, correct, value, resource) VALUES (7, 0, false, "3", null);
INSERT INTO `question_option` (question_id, option_type, correct, value, resource) VALUES (7, 0, true, "4", null);

INSERT INTO `question_option` (question_id, option_type, correct, value, resource) VALUES (8, 0, false, "3", null);
INSERT INTO `question_option` (question_id, option_type, correct, value, resource) VALUES (8, 0, false, "4", null);
INSERT INTO `question_option` (question_id, option_type, correct, value, resource) VALUES (8, 0, true, "5", null);

INSERT INTO `question_option` (question_id, option_type, correct, value, resource) VALUES (10, 0, true, "Red", null);
INSERT INTO `question_option` (question_id, option_type, correct, value, resource) VALUES (10, 0, false, "Green", null);
INSERT INTO `question_option` (question_id, option_type, correct, value, resource) VALUES (10, 0, false, "Blue", null);

INSERT INTO `question_option` (question_id, option_type, correct, value, resource) VALUES (11, 1, false, "Vehicle", 'https://media.istockphoto.com/photos/generic-red-suv-on-a-white-background-side-view-picture-id1157655660?b=1&k=20&m=1157655660&s=170667a&w=0&h=DJEYhRel36-0z-dD6xK8PAOLVnIm43gZgYZeuK1M0zo=');
INSERT INTO `question_option` (question_id, option_type, correct, value, resource) VALUES (11, 1, true, "Vehicle", 'https://media.istockphoto.com/photos/bright-green-hatchback-family-car-picture-id186872128?b=1&k=20&m=186872128&s=170667a&w=0&h=sHyMiHw_ZAAupNdrxMChU42xJ4iODt9CIzt9CB2Q2go=');
INSERT INTO `question_option` (question_id, option_type, correct, value, resource) VALUES (11, 1, false, "Vehicle", 'https://media.istockphoto.com/photos/blue-3d-hatchback-car-illustration-picture-id499192799?b=1&k=20&m=499192799&s=170667a&w=0&h=9EiXiZ79h-3_Y55cCsUzdSkqP4ymH-OddeizwxtFuZE=');

INSERT INTO `question_option` (question_id, option_type, correct, value, resource) VALUES (12, 0, false, "Gas", null);
INSERT INTO `question_option` (question_id, option_type, correct, value, resource) VALUES (12, 0, true, "Diesel", null);

/* Table: Activity */
INSERT INTO `activity` (activity_type, language, name, description, start_date, end_date) VALUES (5,'ES', 'Primer Quiz', 'Primer Quiz', '2021-07-07 12:00:00', '2021-11-07 12:00:00');
INSERT INTO `activity` (activity_type, language, name, description, start_date, end_date) VALUES (5,'ES', 'Segundo Quiz', 'Segundo Quiz', '2021-08-07 12:00:00', '2021-12-07 12:00:00');
INSERT INTO `activity` (activity_type, language, name, description, start_date, end_date) VALUES (5,'ES', 'Tercer Quiz', 'Tercer Quiz', '2021-10-07 12:00:00', '2021-11-07 12:00:00');

INSERT INTO `activity` (activity_type, language, name, description, start_date, end_date) VALUES (5,'EN', 'First Quiz', 'First Quiz', '2021-07-07 12:00:00', '2021-11-07 12:00:00');
INSERT INTO `activity` (activity_type, language, name, description, start_date, end_date) VALUES (5,'EN', 'Second Quiz', 'Second Quiz', '2021-08-07 12:00:00', '2021-12-07 12:00:00');
INSERT INTO `activity` (activity_type, language, name, description, start_date, end_date) VALUES (5,'EN', 'Third Quiz', 'Third Quiz', '2021-10-07 12:00:00', '2021-11-07 12:00:00');

INSERT INTO `activity` (activity_type, language, name, description, start_date, end_date) VALUES (6,'ES', 'Primer Survey', 'Primer Survey', '2021-07-07 12:00:00', '2021-11-07 12:00:00');
INSERT INTO `activity` (activity_type, language, name, description, start_date, end_date) VALUES (6,'ES', 'Segundo Survey', 'Segundo Survey', '2021-09-15 12:00:00', '2021-12-07 12:00:00');
INSERT INTO `activity` (activity_type, language, name, description, start_date, end_date) VALUES (6,'ES', 'Tercer Survey', 'Tercer Survey', '2021-10-22 12:00:00', '2021-11-22 12:00:00');

INSERT INTO `activity` (activity_type, language, name, description, start_date, end_date) VALUES (6,'EN', 'First Survey', 'First Survey', '2021-07-07 12:00:00', '2021-11-07 12:00:00');
INSERT INTO `activity` (activity_type, language, name, description, start_date, end_date) VALUES (6,'EN', 'Second Survey', 'Second Survey', '2021-09-15 12:00:00', '2021-12-07 12:00:00');
INSERT INTO `activity` (activity_type, language, name, description, start_date, end_date) VALUES (6,'EN', 'Third Survey', 'Third Survey', '2021-10-22 12:00:00', '2021-11-22 12:00:00');

/* Table: Review  */
INSERT INTO `review` (id, points) VALUES (1, 10);
INSERT INTO `review` (id, points) VALUES (2, 15);
INSERT INTO `review` (id, points) VALUES (3, 20);
INSERT INTO `review` (id, points) VALUES (4, 10);
INSERT INTO `review` (id, points) VALUES (5, 15);
INSERT INTO `review` (id, points) VALUES (6, 20);

INSERT INTO `review` (id, points) VALUES (7,  10);
INSERT INTO `review` (id, points) VALUES (8,  15);
INSERT INTO `review` (id, points) VALUES (9,  20);
INSERT INTO `review` (id, points) VALUES (10, 10);
INSERT INTO `review` (id, points) VALUES (11, 15);
INSERT INTO `review` (id, points) VALUES (12, 20);

/* Table: ReviewAudience  */
INSERT INTO `review_audience` (review_id, audience_id) VALUES (1,1), (1,2), (1,3);
INSERT INTO `review_audience` (review_id, audience_id) VALUES (2,1), (2,2);
INSERT INTO `review_audience` (review_id, audience_id) VALUES (3,3);
INSERT INTO `review_audience` (review_id, audience_id) VALUES (4,1);
INSERT INTO `review_audience` (review_id, audience_id) VALUES (5,2), (5,3);
INSERT INTO `review_audience` (review_id, audience_id) VALUES (6,1), (6,3);

INSERT INTO `review_audience` (review_id, audience_id) VALUES (7,1), (7,2), (7,3);
INSERT INTO `review_audience` (review_id, audience_id) VALUES (8,1), (8,2);
INSERT INTO `review_audience` (review_id, audience_id) VALUES (9,3);
INSERT INTO `review_audience` (review_id, audience_id) VALUES (10,1), (10,3);
INSERT INTO `review_audience` (review_id, audience_id) VALUES (11,2);
INSERT INTO `review_audience` (review_id, audience_id) VALUES (12,1), (12,3);

/* Table: Quiz */
INSERT INTO `quiz` (id) VALUES (1),(2),(3),(4),(5),(6);

/* Table: Survey */
INSERT INTO `survey` (id) VALUES (7),(8),(9),(10),(11),(12);

/* Table: ReviewQuestion */
/* Spanish Quiz*/
INSERT INTO `review_question` (review_id, question_id, points) VALUES (1, 1, 3);
INSERT INTO `review_question` (review_id, question_id, points) VALUES (1, 2, 4);
INSERT INTO `review_question` (review_id, question_id, points) VALUES (1, 3, 3);

INSERT INTO `review_question` (review_id, question_id, points) VALUES (2, 1, 5);
INSERT INTO `review_question` (review_id, question_id, points) VALUES (2, 5, 5);
INSERT INTO `review_question` (review_id, question_id, points) VALUES (2, 6, 5);

INSERT INTO `review_question` (review_id, question_id, points) VALUES (3, 3, 7);
INSERT INTO `review_question` (review_id, question_id, points) VALUES (3, 4, 7);
INSERT INTO `review_question` (review_id, question_id, points) VALUES (3, 5, 6);

/* English Quiz*/
INSERT INTO `review_question` (review_id, question_id, points) VALUES (4, 7, 3);
INSERT INTO `review_question` (review_id, question_id, points) VALUES (4, 8, 4);
INSERT INTO `review_question` (review_id, question_id, points) VALUES (4, 9, 3);

INSERT INTO `review_question` (review_id, question_id, points) VALUES (5, 7, 5);
INSERT INTO `review_question` (review_id, question_id, points) VALUES (5, 11, 5);
INSERT INTO `review_question` (review_id, question_id, points) VALUES (5, 12, 5);

INSERT INTO `review_question` (review_id, question_id, points) VALUES (6, 9, 7);
INSERT INTO `review_question` (review_id, question_id, points) VALUES (6, 10, 7);
INSERT INTO `review_question` (review_id, question_id, points) VALUES (6, 11, 6);

/* Spanish Survey*/
INSERT INTO `review_question` (review_id, question_id, points) VALUES (7, 3, 3);
INSERT INTO `review_question` (review_id, question_id, points) VALUES (7, 4, 3);
INSERT INTO `review_question` (review_id, question_id, points) VALUES (7, 6, 4);

INSERT INTO `review_question` (review_id, question_id, points) VALUES (8, 2, 6);
INSERT INTO `review_question` (review_id, question_id, points) VALUES (8, 3, 4);
INSERT INTO `review_question` (review_id, question_id, points) VALUES (8, 5, 5);

INSERT INTO `review_question` (review_id, question_id, points) VALUES (9, 1, 6);
INSERT INTO `review_question` (review_id, question_id, points) VALUES (9, 2, 8);
INSERT INTO `review_question` (review_id, question_id, points) VALUES (9, 4, 6);

/* English Survey*/
INSERT INTO `review_question` (review_id, question_id, points) VALUES (10, 9, 3);
INSERT INTO `review_question` (review_id, question_id, points) VALUES (10, 10, 3);
INSERT INTO `review_question` (review_id, question_id, points) VALUES (10, 12, 4);

INSERT INTO `review_question` (review_id, question_id, points) VALUES (11, 8, 6);
INSERT INTO `review_question` (review_id, question_id, points) VALUES (11, 9, 4);
INSERT INTO `review_question` (review_id, question_id, points) VALUES (11, 11, 5);

INSERT INTO `review_question` (review_id, question_id, points) VALUES (12, 7, 6);
INSERT INTO `review_question` (review_id, question_id, points) VALUES (12, 8, 8);
INSERT INTO `review_question` (review_id, question_id, points) VALUES (12, 10, 6);

/* Table: event -> act_id = 13 */

INSERT INTO `activity` (activity_type, language, name, description, start_date, end_date) VALUES (1,'ES', 'Primer Evento', 'Evento Genesis', '2021-08-02 12:00:00', '2021-08-22 12:00:00');
INSERT INTO `activity` (activity_type, language, name, description, start_date, end_date) VALUES (1,'ES', 'Segundo Evento', 'Evento Evolucion', '2021-09-20 12:00:00', '2021-10-15 12:00:00');
INSERT INTO `activity` (activity_type, language, name, description, start_date, end_date) VALUES (1,'ES', 'Tercer Evento', 'Evento Revolucion', '2021-10-25 12:00:00', '2021-11-10 12:00:00');

INSERT INTO `activity` (activity_type, language, name, description, start_date, end_date) VALUES (1,'EN', 'First Event', 'Genesis Event', '2021-08-02 12:00:00', '2021-08-22 12:00:00');
INSERT INTO `activity` (activity_type, language, name, description, start_date, end_date) VALUES (1,'EN', 'Second Event', 'Evolution Event', '2021-09-20 12:00:00', '2021-10-15 12:00:00');
INSERT INTO `activity` (activity_type, language, name, description, start_date, end_date) VALUES (1,'EN', 'Third Event', 'Revolution Event', '2021-10-25 12:00:00', '2021-11-10 12:00:00');

-- EVENT
INSERT INTO `event` (id, enable, live, live_name, live_url, location, banner) VALUES (13, true, false, null, null, 'Poliedro de Barcelona', 'https://media.istockphoto.com/photos/enjoying-his-favorite-music-picture-id1129342275?b=1&k=20&m=1129342275&s=170667a&w=0&h=dOd_Ax_kzE2dZB1SFL3qYcdGVs1j1mrU2InX7LHKgBw=');
INSERT INTO `event` (id, enable, live, live_name, live_url, location, banner) VALUES (14, true, true, 'Evolucion live', 'http://zoom.com/cmc/event-evolution', 'Poliedro de Barcelona', 'https://www.freejpg.com.ar/asset/400/2a/2a09/F100029606.jpg');
INSERT INTO `event` (id, enable, live, live_name, live_url, location, banner) VALUES (15, true, true, 'Revolucion live', null, 'Estadio Camp Nou', 'https://media.istockphoto.com/photos/dancing-at-disco-picture-id535403859?b=1&k=20&m=535403859&s=170667a&w=0&h=khyFQf_uQNZWOLa5O2TCJr5rheVku6t3UQS5DYdBQp4=');

INSERT INTO `event` (id, enable, live, live_name, live_url, location, banner) VALUES (16, true, false, null, null, 'Poliedro de Barcelona', 'https://www.freejpg.com.ar/image-900/d1/d155/F100027250-grupo_de_parejas_bailando_tango.jpg');
INSERT INTO `event` (id, enable, live, live_name, live_url, location, banner) VALUES (17, true, true, 'Evolution live', 'http://zoom.com/cmc/event-evolution', 'Poliedro de Barcelona', 'https://www.freejpg.com.ar/image-900/44/44d3/F100027757-mujer_escuchando_musica_con_auriculares_sobre_fondo_amarillo.jpg');
INSERT INTO `event` (id, enable, live, live_name, live_url, location, banner) VALUES (18, true, true, 'Revolution live', null, 'Nou Camp Stadium','https://images.freejpg.com.ar/900/1105/people-man-dj-celebration-party-edm-music-F100026792.jpg');

/* Table: event_audience */
INSERT INTO `event_audience` (event_id, audience_id) VALUES (13,1), (13,2), (13,3);
INSERT INTO `event_audience` (event_id, audience_id) VALUES (14,1), (14,2);
INSERT INTO `event_audience` (event_id, audience_id) VALUES (15,3);

INSERT INTO `event_audience` (event_id, audience_id) VALUES (16,1), (16,2), (16,3);
INSERT INTO `event_audience` (event_id, audience_id) VALUES (17,1), (17,2);
INSERT INTO `event_audience` (event_id, audience_id) VALUES (18,3);

/* Table: workshops -> act_id = 19 */
-- ES
INSERT INTO `activity` (activity_type, language, name, description, start_date, end_date, activity_id) VALUES (2,'ES', 'CMC Workshop 1', 'Workshop 1 de Evento Genesis', '2021-08-02 12:00:00', '2021-08-10 12:00:00',13);
INSERT INTO `activity` (activity_type, language, name, description, start_date, end_date, activity_id) VALUES (2,'ES', 'CMC Workshop 2', 'Workshop 2 de Evento Genesis', '2021-08-10 12:00:00', '2021-08-15 12:00:00',13);
INSERT INTO `activity` (activity_type, language, name, description, start_date, end_date, activity_id) VALUES (2,'ES', 'CMC Workshop 3', 'Workshop 3 de Evento Genesis', '2021-08-15 12:00:00', '2021-08-22 12:00:00',13);

INSERT INTO `activity` (activity_type, language, name, description, start_date, end_date, activity_id) VALUES (2,'ES', 'CMC Workshop 4', 'Workshop 1 de Evento Evolucion', '2021-09-20 12:00:00', '2021-09-30 12:00:00',14);
INSERT INTO `activity` (activity_type, language, name, description, start_date, end_date, activity_id) VALUES (2,'ES', 'CMC Workshop 5', 'Workshop 2 de Evento Evolucion', '2021-09-30 12:00:00', '2021-10-15 12:00:00',14);

INSERT INTO `activity` (activity_type, language, name, description, start_date, end_date, activity_id) VALUES (2,'ES', 'CMC Workshop 6', 'Workshop 1 de Evento Revolucion', '2021-10-25 12:00:00', '2021-11-10 12:00:00',15);

-- EN
INSERT INTO `activity` (activity_type, language, name, description, start_date, end_date, activity_id) VALUES (2,'EN', 'CMC Workshop 7', 'Workshop 1 from Event Genesis', '2021-08-02 12:00:00', '2021-08-10 12:00:00',16);
INSERT INTO `activity` (activity_type, language, name, description, start_date, end_date, activity_id) VALUES (2,'EN', 'CMC Workshop 8', 'Workshop 2 from Event Genesis', '2021-08-10 12:00:00', '2021-08-15 12:00:00',16);
INSERT INTO `activity` (activity_type, language, name, description, start_date, end_date, activity_id) VALUES (2,'EN', 'CMC Workshop 9', 'Workshop 3 from Event Genesis', '2021-08-15 12:00:00', '2021-08-22 12:00:00',16);

INSERT INTO `activity` (activity_type, language, name, description, start_date, end_date, activity_id) VALUES (2,'EN', 'CMC Workshop 10', 'Workshop 1 from Event Evolution', '2021-09-20 12:00:00', '2021-09-30 12:00:00',17);
INSERT INTO `activity` (activity_type, language, name, description, start_date, end_date, activity_id) VALUES (2,'EN', 'CMC Workshop 11', 'Workshop 2 from Event Evolution', '2021-09-30 12:00:00', '2021-10-15 12:00:00',17);

INSERT INTO `activity` (activity_type, language, name, description, start_date, end_date, activity_id) VALUES (2,'EN', 'CMC Workshop 12', 'Workshop 1 from Event Revolution', '2021-10-25 12:00:00', '2021-11-10 12:00:00',18);

-- Workshop
-- ES
INSERT INTO `workshop` (id, banner, location, position) VALUES (19, 'https://www.freejpg.com.ar/asset/400/73/73ce/F100029692.jpg', 'Domo principal', 1);
INSERT INTO `workshop` (id, banner, location, position) VALUES (20, 'https://www.freejpg.com.ar/asset/400/fa/faab/F100029678.jpg', 'Domo principal', 2);
INSERT INTO `workshop` (id, banner, location, position) VALUES (21, 'https://www.freejpg.com.ar/asset/400/6a/6a49/F100029665.jpg', 'Domo principal', 3);

INSERT INTO `workshop` (id, banner, location, position) VALUES (22, 'https://www.freejpg.com.ar/asset/400/c1/c163/F100029652.jpg', 'Domo principal', 1);
INSERT INTO `workshop` (id, banner, location, position) VALUES (23, 'https://www.freejpg.com.ar/asset/400/04/04b4/F100029661.jpg', 'Domo principal', 2);

INSERT INTO `workshop` (id, banner, location, position) VALUES (24, 'https://www.freejpg.com.ar/asset/400/98/9811/F100029663.jpg', 'Domo principal', 1);

-- EN
INSERT INTO `workshop` (id, banner, location, position) VALUES (25, 'https://www.freejpg.com.ar/asset/400/73/73ce/F100029692.jpg', 'Domo principal', 1);
INSERT INTO `workshop` (id, banner, location, position) VALUES (26, 'https://www.freejpg.com.ar/asset/400/fa/faab/F100029678.jpg', 'Domo principal', 2);
INSERT INTO `workshop` (id, banner, location, position) VALUES (27, 'https://www.freejpg.com.ar/asset/400/6a/6a49/F100029665.jpg', 'Domo principal', 3);

INSERT INTO `workshop` (id, banner, location, position) VALUES (28, 'https://www.freejpg.com.ar/asset/400/c1/c163/F100029652.jpg', 'Domo principal', 1);
INSERT INTO `workshop` (id, banner, location, position) VALUES (29, 'https://www.freejpg.com.ar/asset/400/04/04b4/F100029661.jpg', 'Domo principal', 2);

INSERT INTO `workshop` (id, banner, location, position) VALUES (30, 'https://www.freejpg.com.ar/asset/400/98/9811/F100029663.jpg', 'Domo principal', 1);

/* Table: checkpoints e instructions -> act_id = 31 */
-- ES
-- event 1
INSERT INTO `activity` (activity_type, language, name, description, start_date, end_date, activity_id) VALUES (3,'ES', 'CMC Checkpoint 1', 'Checkpoint 1 del Workshop 1 de Evento Genesis', '2021-08-02 12:00:00', '2021-08-05 12:00:00',19);
INSERT INTO `activity` (activity_type, language, name, description, start_date, end_date, activity_id) VALUES (4,'ES', 'CMC Instruction 1', 'Instruction 1 del Workshop 1 de Evento Genesis', '2021-08-05 12:00:00', '2021-08-10 12:00:00',19);

INSERT INTO `activity` (activity_type, language, name, description, start_date, end_date, activity_id) VALUES (3,'ES', 'CMC Checkpoint 2', 'Checkpoint 1 del Workshop 2 de Evento Genesis', '2021-08-10 12:00:00', '2021-08-13 12:00:00',20);
INSERT INTO `activity` (activity_type, language, name, description, start_date, end_date, activity_id) VALUES (4,'ES', 'CMC Instruction 2', 'Instruction 1 del Workshop 2 de Evento Genesis', '2021-08-12 12:00:00', '2021-08-15 12:00:00',20);

INSERT INTO `activity` (activity_type, language, name, description, start_date, end_date, activity_id) VALUES (3,'ES', 'CMC Checkpoint 3', 'Checkpoint 1 del Workshop 3 de Evento Genesis', '2021-08-15 12:00:00', '2021-08-18 12:00:00',21);
INSERT INTO `activity` (activity_type, language, name, description, start_date, end_date, activity_id) VALUES (4,'ES', 'CMC Instruction 3', 'Instruction 1 del Workshop 3 de Evento Genesis', '2021-08-15 12:00:00', '2021-08-22 12:00:00',21);

-- event 2
INSERT INTO `activity` (activity_type, language, name, description, start_date, end_date, activity_id) VALUES (3,'ES', 'CMC Checkpoint 4', 'Checkpoint 1 del Workshop 1 de Evento Evolucion', '2021-09-20 12:00:00', '2021-09-28 12:00:00',22);
INSERT INTO `activity` (activity_type, language, name, description, start_date, end_date, activity_id) VALUES (4,'ES', 'CMC Instruction 4', 'Checkpoint 1 del Workshop 1 de Evento Evolucion', '2021-09-22 12:00:00', '2021-09-28 12:00:00',22);
INSERT INTO `activity` (activity_type, language, name, description, start_date, end_date, activity_id) VALUES (5,'ES', 'CMC Quiz 1', 'Quiz 1 del Workshop 1 de Evento Evolucion', '2021-09-25 12:00:00', '2021-09-30 12:00:00',22);

INSERT INTO `activity` (activity_type, language, name, description, start_date, end_date, activity_id) VALUES (3,'ES', 'CMC Checkpoint 5', 'Checkpoint 1 del Workshop 2 de Evento Evolucion', '2021-09-30 12:00:00', '2021-10-07 12:00:00',23);
INSERT INTO `activity` (activity_type, language, name, description, start_date, end_date, activity_id) VALUES (4,'ES', 'CMC Instruction 5', 'Checkpoint 1 del Workshop 2 de Evento Evolucion', '2021-10-02 12:00:00', '2021-10-15 12:00:00',23);
INSERT INTO `activity` (activity_type, language, name, description, start_date, end_date, activity_id) VALUES (6,'ES', 'CMC Survey 1', 'Survey 1 del Workshop 2 de Evento Evolucion', '2021-10-07 12:00:00', '2021-10-15 12:00:00',23);

-- event 3
INSERT INTO `activity` (activity_type, language, name, description, start_date, end_date, activity_id) VALUES (3,'ES', 'CMC Checkpoint 6', 'Checkpoint 1 del Workshop 1 de Evento Revolucion', '2021-10-25 12:00:00', '2021-11-03 12:00:00',24);
INSERT INTO `activity` (activity_type, language, name, description, start_date, end_date, activity_id) VALUES (4,'ES', 'CMC Instruction 6', 'Instruction 1 del Workshop 1 de Evento Revolucion', '2021-10-25 12:00:00', '2021-11-05 12:00:00',24);
INSERT INTO `activity` (activity_type, language, name, description, start_date, end_date, activity_id) VALUES (5,'ES', 'CMC Quiz 2', 'Quiz 1 del Workshop 1 de Evento Revolucion', '2021-10-30 12:00:00', '2021-11-07 12:00:00',24);
INSERT INTO `activity` (activity_type, language, name, description, start_date, end_date, activity_id) VALUES (6,'ES', 'CMC Survey 2', 'Survey 1 del Workshop 1 de Evento Revolucion', '2021-11-01 12:00:00', '2021-11-10 12:00:00',24);

-- EN
-- event 4
INSERT INTO `activity` (activity_type, language, name, description, start_date, end_date, activity_id) VALUES (3,'EN', 'CMC Checkpoint 7', 'Checkpoint 1 from Workshop 1 of Evento Genesis', '2021-08-02 12:00:00', '2021-08-05 12:00:00',25);
INSERT INTO `activity` (activity_type, language, name, description, start_date, end_date, activity_id) VALUES (4,'EN', 'CMC Instruction 7', 'Instruction 1 from Workshop 1 of Evento Genesis', '2021-08-05 12:00:00', '2021-08-10 12:00:00',25);

INSERT INTO `activity` (activity_type, language, name, description, start_date, end_date, activity_id) VALUES (3,'EN', 'CMC Checkpoint 8', 'Checkpoint 1 from Workshop 2 of Evento Genesis', '2021-08-10 12:00:00', '2021-08-13 12:00:00',26);
INSERT INTO `activity` (activity_type, language, name, description, start_date, end_date, activity_id) VALUES (4,'EN', 'CMC Instruction 8', 'Instruction 1 from Workshop 2 of Evento Genesis', '2021-08-12 12:00:00', '2021-08-15 12:00:00',26);

INSERT INTO `activity` (activity_type, language, name, description, start_date, end_date, activity_id) VALUES (3,'EN', 'CMC Checkpoint 9', 'Checkpoint 1 from Workshop 3 of Evento Genesis', '2021-08-15 12:00:00', '2021-08-18 12:00:00',27);
INSERT INTO `activity` (activity_type, language, name, description, start_date, end_date, activity_id) VALUES (4,'EN', 'CMC Instruction 9', 'Instruction 1 from Workshop 3 of Evento Genesis', '2021-08-15 12:00:00', '2021-08-22 12:00:00',27);

-- event 5
INSERT INTO `activity` (activity_type, language, name, description, start_date, end_date, activity_id) VALUES (3,'EN', 'CMC Checkpoint 10', 'Checkpoint 1 from Workshop 1 of Evento Evolucion', '2021-09-20 12:00:00', '2021-09-28 12:00:00',28);
INSERT INTO `activity` (activity_type, language, name, description, start_date, end_date, activity_id) VALUES (4,'EN', 'CMC Instruction 10', 'Checkpoint 1 from Workshop 1 of Evento Evolucion', '2021-09-22 12:00:00', '2021-09-28 12:00:00',28);
INSERT INTO `activity` (activity_type, language, name, description, start_date, end_date, activity_id) VALUES (5,'EN', 'CMC Quiz 3', 'Quiz 1 from Workshop 1 of Evento Evolucion', '2021-09-25 12:00:00', '2021-09-30 12:00:00',28);

INSERT INTO `activity` (activity_type, language, name, description, start_date, end_date, activity_id) VALUES (3,'EN', 'CMC Checkpoint 11', 'Checkpoint 1 from Workshop 2 of Evento Evolucion', '2021-09-30 12:00:00', '2021-10-07 12:00:00',29);
INSERT INTO `activity` (activity_type, language, name, description, start_date, end_date, activity_id) VALUES (4,'EN', 'CMC Instruction 11', 'Checkpoint 1 from Workshop 2 of Evento Evolucion', '2021-10-02 12:00:00', '2021-10-15 12:00:00',29);
INSERT INTO `activity` (activity_type, language, name, description, start_date, end_date, activity_id) VALUES (6,'EN', 'CMC Survey 3', 'Survey 1 from Workshop 2 of Evento Evolucion', '2021-10-07 12:00:00', '2021-10-15 12:00:00',29);

-- event 6
INSERT INTO `activity` (activity_type, language, name, description, start_date, end_date, activity_id) VALUES (3,'EN', 'CMC Checkpoint 12', 'Checkpoint 1 from Workshop 1 of Evento Revolucion', '2021-10-25 12:00:00', '2021-11-03 12:00:00',30);
INSERT INTO `activity` (activity_type, language, name, description, start_date, end_date, activity_id) VALUES (4,'EN', 'CMC Instruction 12', 'Instruction 1 from Workshop 1 of Evento Revolucion', '2021-10-25 12:00:00', '2021-11-05 12:00:00',30);
INSERT INTO `activity` (activity_type, language, name, description, start_date, end_date, activity_id) VALUES (5,'EN', 'CMC Quiz 4', 'Quiz 1 from Workshop 1 of Evento Revolucion', '2021-10-30 12:00:00', '2021-11-07 12:00:00',30);
INSERT INTO `activity` (activity_type, language, name, description, start_date, end_date, activity_id) VALUES (6,'EN', 'CMC Survey 4', 'Survey 1 from Workshop 1 of Evento Revolucion', '2021-11-01 12:00:00', '2021-11-10 12:00:00',30);

-- ES
INSERT INTO `check_point` (id, qr, points) VALUES (31, 'Check point 1', 5);
INSERT INTO `instruction` (id, points, banner) VALUES (32, 7, 'https://firebasestorage.googleapis.com:443/v0/b/cmcapp-c8274.appspot.com/o/guestapple@guestapple.com%2Fprofile_picture?alt=media&token=a5dc0345-d9eb-4173-9f66-43dfaf11202e');
INSERT INTO `check_point` (id, qr, points) VALUES (33, 'Check point 2', 5);
INSERT INTO `instruction` (id, points, banner) VALUES (34, 7, 'https://firebasestorage.googleapis.com:443/v0/b/cmcapp-c8274.appspot.com/o/guestapple@guestapple.com%2Fprofile_picture?alt=media&token=a5dc0345-d9eb-4173-9f66-43dfaf11202e');
INSERT INTO `check_point` (id, qr, points) VALUES (35, 'Check point 3', 5);
INSERT INTO `instruction` (id, points, banner) VALUES (36, 7, 'https://firebasestorage.googleapis.com:443/v0/b/cmcapp-c8274.appspot.com/o/guestapple@guestapple.com%2Fprofile_picture?alt=media&token=a5dc0345-d9eb-4173-9f66-43dfaf11202e');
INSERT INTO `check_point` (id, qr, points) VALUES (37, 'Check point 4', 5);
INSERT INTO `instruction` (id, points, banner) VALUES (38, 7, 'https://firebasestorage.googleapis.com:443/v0/b/cmcapp-c8274.appspot.com/o/guestapple@guestapple.com%2Fprofile_picture?alt=media&token=a5dc0345-d9eb-4173-9f66-43dfaf11202e');
INSERT INTO `review` (id, points) VALUES (39, 15);
INSERT INTO `review_audience` (review_id, audience_id) VALUES (39,1), (39,2), (39,3);
INSERT INTO `review_question` (review_id, question_id, points) VALUES (39, 1, 5), (39, 2, 5), (39, 4, 5);
INSERT INTO `quiz` (id) VALUES (39);
INSERT INTO `check_point` (id, qr, points) VALUES (40, 'Check point 5', 5);
INSERT INTO `instruction` (id, points, banner) VALUES (41, 7, 'https://firebasestorage.googleapis.com:443/v0/b/cmcapp-c8274.appspot.com/o/guestapple@guestapple.com%2Fprofile_picture?alt=media&token=a5dc0345-d9eb-4173-9f66-43dfaf11202e');
INSERT INTO `review` (id, points) VALUES (42, 10);
INSERT INTO `review_audience` (review_id, audience_id) VALUES (42,1), (42,2), (42,3);
INSERT INTO `review_question` (review_id, question_id, points) VALUES (42, 5, 3), (42, 6, 3), (42, 2, 4);
INSERT INTO `survey` (id) VALUES (42);
INSERT INTO `check_point` (id, qr, points) VALUES (43, 'Check point 6', 5);
INSERT INTO `instruction` (id, points, banner) VALUES (44, 7, 'https://firebasestorage.googleapis.com:443/v0/b/cmcapp-c8274.appspot.com/o/guestapple@guestapple.com%2Fprofile_picture?alt=media&token=a5dc0345-d9eb-4173-9f66-43dfaf11202e');
INSERT INTO `review` (id, points) VALUES (45, 14);
INSERT INTO `review_audience` (review_id, audience_id) VALUES (45,1), (45,2), (45,3);
INSERT INTO `review_question` (review_id, question_id, points) VALUES (45, 1, 5), (45, 2, 5), (45, 4, 4);
INSERT INTO `quiz` (id) VALUES (45);
INSERT INTO `review` (id, points) VALUES (46, 16);
INSERT INTO `review_audience` (review_id, audience_id) VALUES (46,1), (46,2), (46,3);
INSERT INTO `review_question` (review_id, question_id, points) VALUES (46, 5, 6), (46, 6, 5), (46, 2, 5);
INSERT INTO `survey` (id) VALUES (46);

-- EN
INSERT INTO `check_point` (id, qr, points) VALUES (47, 'Check point 7', 5);
INSERT INTO `instruction` (id, points, banner) VALUES (48, 7, 'https://firebasestorage.googleapis.com:443/v0/b/cmcapp-c8274.appspot.com/o/guestapple@guestapple.com%2Fprofile_picture?alt=media&token=a5dc0345-d9eb-4173-9f66-43dfaf11202e');
INSERT INTO `check_point` (id, qr, points) VALUES (49, 'Check point 8', 5);
INSERT INTO `instruction` (id, points, banner) VALUES (50, 7, 'https://firebasestorage.googleapis.com:443/v0/b/cmcapp-c8274.appspot.com/o/guestapple@guestapple.com%2Fprofile_picture?alt=media&token=a5dc0345-d9eb-4173-9f66-43dfaf11202e');
INSERT INTO `check_point` (id, qr, points) VALUES (51, 'Check point 9', 5);
INSERT INTO `instruction` (id, points, banner) VALUES (52, 7, 'https://firebasestorage.googleapis.com:443/v0/b/cmcapp-c8274.appspot.com/o/guestapple@guestapple.com%2Fprofile_picture?alt=media&token=a5dc0345-d9eb-4173-9f66-43dfaf11202e');
INSERT INTO `check_point` (id, qr, points) VALUES (53, 'Check point 10', 5);
INSERT INTO `instruction` (id, points, banner) VALUES (54, 7, 'https://firebasestorage.googleapis.com:443/v0/b/cmcapp-c8274.appspot.com/o/guestapple@guestapple.com%2Fprofile_picture?alt=media&token=a5dc0345-d9eb-4173-9f66-43dfaf11202e');
INSERT INTO `review` (id, points) VALUES (55, 13);
INSERT INTO `review_audience` (review_id, audience_id) VALUES (55,1), (55,2), (55,3);
INSERT INTO `review_question` (review_id, question_id, points) VALUES (55, 1, 5), (55, 2, 4), (55, 4, 4);
INSERT INTO `quiz` (id) VALUES (55);
INSERT INTO `check_point` (id, qr, points) VALUES (56, 'Check point 11', 5);
INSERT INTO `instruction` (id, points, banner) VALUES (57, 7, 'https://firebasestorage.googleapis.com:443/v0/b/cmcapp-c8274.appspot.com/o/guestapple@guestapple.com%2Fprofile_picture?alt=media&token=a5dc0345-d9eb-4173-9f66-43dfaf11202e');
INSERT INTO `review` (id, points) VALUES (58, 14);
INSERT INTO `review_audience` (review_id, audience_id) VALUES (58,1), (58,2), (58,3);
INSERT INTO `review_question` (review_id, question_id, points) VALUES (58, 5, 5), (58, 6, 5), (58, 2, 4);
INSERT INTO `survey` (id) VALUES (58);
INSERT INTO `check_point` (id, qr, points) VALUES (59, 'Check point 12', 5);
INSERT INTO `instruction` (id, points, banner) VALUES (60, 7, 'https://firebasestorage.googleapis.com:443/v0/b/cmcapp-c8274.appspot.com/o/guestapple@guestapple.com%2Fprofile_picture?alt=media&token=a5dc0345-d9eb-4173-9f66-43dfaf11202e');
INSERT INTO `review` (id, points) VALUES (61, 12);
INSERT INTO `review_audience` (review_id, audience_id) VALUES (61,1), (61,2), (61,3);
INSERT INTO `review_question` (review_id, question_id, points) VALUES (61, 1, 4), (61, 2, 4), (61, 4, 4);
INSERT INTO `quiz` (id) VALUES (61);
INSERT INTO `review` (id, points) VALUES (62, 12);
INSERT INTO `review_audience` (review_id, audience_id) VALUES (62,1), (62,2), (62,3);
INSERT INTO `review_question` (review_id, question_id, points) VALUES (62, 5, 4), (62, 6, 4), (62, 2, 4);
INSERT INTO `survey` (id) VALUES (62);

/* Table: hot_line -> event_id = 13-18 */
-- ES
INSERT INTO `hot_line` (event_id, name, description, phone_number) VALUES (13, 'Hotline 1', 'Hotline 1 del evento 1', '+1(123)2345674');
INSERT INTO `hot_line` (event_id, name, description, phone_number) VALUES (13, 'Hotline 2', 'Hotline 2 del evento 1', '+1(123)1235322');

INSERT INTO `hot_line` (event_id, name, description, phone_number) VALUES (14, 'Hotline 3', 'Hotline 1 del evento 2', '+1(123)2345666');
INSERT INTO `hot_line` (event_id, name, description, phone_number) VALUES (14, 'Hotline 4', 'Hotline 2 del evento 2', '+1(123)2432112');

INSERT INTO `hot_line` (event_id, name, description, phone_number) VALUES (15, 'Hotline 5', 'Hotline 1 del evento 3', '+1(123)1212233');
INSERT INTO `hot_line` (event_id, name, description, phone_number) VALUES (15, 'Hotline 6', 'Hotline 2 del evento 3', '+1(123)3233456');
INSERT INTO `hot_line` (event_id, name, description, phone_number) VALUES (15, 'Hotline 7', 'Hotline 3 del evento 3', '+1(123)6545533');
-- EN
INSERT INTO `hot_line` (event_id, name, description, phone_number) VALUES (16, 'Hotline 8', 'Hotline 1 from event 4', '+1(123)2345674');
INSERT INTO `hot_line` (event_id, name, description, phone_number) VALUES (16, 'Hotline 9', 'Hotline 2 from event 4', '+1(123)1235322');

INSERT INTO `hot_line` (event_id, name, description, phone_number) VALUES (17, 'Hotline 10', 'Hotline 1 from event 5', '+1(123)2345666');
INSERT INTO `hot_line` (event_id, name, description, phone_number) VALUES (17, 'Hotline 11', 'Hotline 2 from event 5', '+1(123)2432112');

INSERT INTO `hot_line` (event_id, name, description, phone_number) VALUES (18, 'Hotline 12', 'Hotline 1 from event 6', '+1(123)1212233');
INSERT INTO `hot_line` (event_id, name, description, phone_number) VALUES (18, 'Hotline 13', 'Hotline 2 from event 6', '+1(123)3233456');
INSERT INTO `hot_line` (event_id, name, description, phone_number) VALUES (18, 'Hotline 14', 'Hotline 3 from event 6', '+1(123)6545533');

/* Table: gps_coordinate -> event_id = 13-18 */
-- ES
INSERT INTO `gps_coordinate` (event_id, lat, lng, name) VALUES (13, 9.910249, -67.677667, "Sede 1 del evento 1");
INSERT INTO `gps_coordinate` (event_id, lat, lng, name) VALUES (13, 9.655665, -67.877554, "Sede 2 del evento 1");
INSERT INTO `gps_coordinate` (event_id, lat, lng, name) VALUES (13, 9.654433, -67.900898, "Sede 3 del evento 1");

INSERT INTO `gps_coordinate` (event_id, lat, lng, name) VALUES (14, 9.646876, -64.359938, "Sede 1 del evento 2");
INSERT INTO `gps_coordinate` (event_id, lat, lng, name) VALUES (14, 9.567897, -64.655434, "Sede 2 del evento 2");

INSERT INTO `gps_coordinate` (event_id, lat, lng, name) VALUES (15, 9.333222, -65.543345, "Sede 1 del evento 3");
INSERT INTO `gps_coordinate` (event_id, lat, lng, name) VALUES (15, 9.343434, -65.123221, "Sede 2 del evento 3");
INSERT INTO `gps_coordinate` (event_id, lat, lng, name) VALUES (15, 9.433233, -65.114324, "Sede 3 del evento 3");

-- EN
INSERT INTO `gps_coordinate` (event_id, lat, lng, name) VALUES (16, 9.910249, -67.677667, "Location 1 from event 4");
INSERT INTO `gps_coordinate` (event_id, lat, lng, name) VALUES (16, 9.655665, -67.877554, "Location 2 from event 4");
INSERT INTO `gps_coordinate` (event_id, lat, lng, name) VALUES (16, 9.654433, -67.900898, "Location 3 from event 4");

INSERT INTO `gps_coordinate` (event_id, lat, lng, name) VALUES (17, 9.646876, -64.359938, "Location 1 from event 5");
INSERT INTO `gps_coordinate` (event_id, lat, lng, name) VALUES (17, 9.567897, -64.655434, "Location 2 from event 5");

INSERT INTO `gps_coordinate` (event_id, lat, lng, name) VALUES (18, 9.333222, -65.543345, "Location 1 from event 6");
INSERT INTO `gps_coordinate` (event_id, lat, lng, name) VALUES (18, 9.343434, -65.123221, "Location 2 from event 6");
INSERT INTO `gps_coordinate` (event_id, lat, lng, name) VALUES (18, 9.433233, -65.114324, "Location 3 from event 6");

/* Table: information -> event_id = 13-18 */
-- ES
INSERT INTO `information` (event_id, name, description) VALUES (13, 'Modo', 'Presencial');
INSERT INTO `information` (event_id, name, description) VALUES (13, 'Codigo de vestimenta', 'Formal');

INSERT INTO `information` (event_id, name, description) VALUES (14, 'Ventas', 'No habra expendio de bebidas alcoholicas');

INSERT INTO `information` (event_id, name, description) VALUES (15, 'Codigo de vestimenta', 'Color rojo');

-- EN
INSERT INTO `information` (event_id, name, description) VALUES (16, 'Mode', 'Virtual');
INSERT INTO `information` (event_id, name, description) VALUES (16, 'Dress code', 'Formal');

INSERT INTO `information` (event_id, name, description) VALUES (17, 'Sales', 'There will not be alcohol');

INSERT INTO `information` (event_id, name, description) VALUES (18, 'Dress code', 'Red clothes');



-- act 63
INSERT INTO `activity` (activity_type, language, name, description, start_date, end_date, activity_id) VALUES (2,'EN', 'CMC Workshop X_1', 'Workshop 3 from Event Evolution', '2021-10-06 00:00:00', '2021-10-06 03:00:00',17);
INSERT INTO `activity` (activity_type, language, name, description, start_date, end_date, activity_id) VALUES (2,'EN', 'CMC Workshop X_2', 'Workshop 4 from Event Evolution', '2021-10-06 06:00:00', '2021-10-06 08:00:00',17);
INSERT INTO `activity` (activity_type, language, name, description, start_date, end_date, activity_id) VALUES (2,'EN', 'CMC Workshop X_3', 'Workshop 5 from Event Evolution', '2021-10-06 17:00:00', '2021-10-06 20:00:00',17);
INSERT INTO `activity` (activity_type, language, name, description, start_date, end_date, activity_id) VALUES (2,'EN', 'CMC Workshop X_4', 'Workshop 6 from Event Evolution', '2021-10-06 18:00:00', '2021-10-08 12:00:00',17);
INSERT INTO `activity` (activity_type, language, name, description, start_date, end_date, activity_id) VALUES (2,'EN', 'CMC Workshop X_5', 'Workshop 7 from Event Evolution', '2021-10-08 12:00:00', '2021-10-08 18:00:00',17);
INSERT INTO `activity` (activity_type, language, name, description, start_date, end_date, activity_id) VALUES (2,'EN', 'CMC Workshop X_6', 'Workshop 8 from Event Evolution', '2021-10-11 12:00:00', '2021-10-15 12:00:00',17);

INSERT INTO `workshop` (id, banner, location, position) VALUES (63, 'https://en.freejpg.com.ar/asset/400/23/23f2/F100029671.jpg', 'Domo principal', 3);
INSERT INTO `workshop` (id, banner, location, position) VALUES (64, 'https://en.freejpg.com.ar/asset/400/04/04dd/F100029683.jpg', 'Domo principal', 4);
INSERT INTO `workshop` (id, banner, location, position) VALUES (65, 'https://en.freejpg.com.ar/asset/400/38/38ab/F100029675.jpg', 'Domo principal', 5);
INSERT INTO `workshop` (id, banner, location, position) VALUES (66, 'https://en.freejpg.com.ar/asset/400/fa/faab/F100029678.jpg', 'Domo principal', 6);
INSERT INTO `workshop` (id, banner, location, position) VALUES (67, 'https://en.freejpg.com.ar/asset/400/bf/bf07/F100029656.jpg', 'Domo principal', 7);
INSERT INTO `workshop` (id, banner, location, position) VALUES (68, 'https://en.freejpg.com.ar/asset/400/be/becc/F100029655.jpg', 'Domo principal', 8);

INSERT INTO `activity` (activity_type, language, name, description, start_date, end_date, activity_id) VALUES (4,'EN', 'Instruction X_1', 'Instruction 1 Workshop X_1 from Event Evolution', '2021-10-06 00:00:00', '2021-10-06 03:00:00',63);
INSERT INTO `activity` (activity_type, language, name, description, start_date, end_date, activity_id) VALUES (4,'EN', 'Instruction X_2', 'Instruction 1 Workshop X_2 from Event Evolution', '2021-10-06 06:00:00', '2021-10-06 08:00:00',64);
INSERT INTO `activity` (activity_type, language, name, description, start_date, end_date, activity_id) VALUES (4,'EN', 'Instruction X_3', 'Instruction 1 Workshop X_3 from Event Evolution', '2021-10-06 17:00:00', '2021-10-06 20:00:00',65);
INSERT INTO `activity` (activity_type, language, name, description, start_date, end_date, activity_id) VALUES (4,'EN', 'Instruction X_4', 'Instruction 1 Workshop X_4 from Event Evolution', '2021-10-06 18:00:00', '2021-10-08 12:00:00',66);
INSERT INTO `activity` (activity_type, language, name, description, start_date, end_date, activity_id) VALUES (4,'EN', 'Instruction X_5', 'Instruction 1 Workshop X_5 from Event Evolution', '2021-10-08 12:00:00', '2021-10-08 18:00:00',67);
INSERT INTO `activity` (activity_type, language, name, description, start_date, end_date, activity_id) VALUES (4,'EN', 'Instruction X_6', 'Instruction 1 Workshop X_6 from Event Evolution', '2021-10-11 12:00:00', '2021-10-15 12:00:00',68);

INSERT INTO `instruction` (id, points, banner) VALUES (69, 7, 'https://firebasestorage.googleapis.com:443/v0/b/cmcapp-c8274.appspot.com/o/guestapple@guestapple.com%2Fprofile_picture?alt=media&token=a5dc0345-d9eb-4173-9f66-43dfaf11202e');
INSERT INTO `instruction` (id, points, banner) VALUES (70, 6, 'https://firebasestorage.googleapis.com:443/v0/b/cmcapp-c8274.appspot.com/o/guestapple@guestapple.com%2Fprofile_picture?alt=media&token=a5dc0345-d9eb-4173-9f66-43dfaf11202e');
INSERT INTO `instruction` (id, points, banner) VALUES (71, 9, 'https://firebasestorage.googleapis.com:443/v0/b/cmcapp-c8274.appspot.com/o/guestapple@guestapple.com%2Fprofile_picture?alt=media&token=a5dc0345-d9eb-4173-9f66-43dfaf11202e');
INSERT INTO `instruction` (id, points, banner) VALUES (72, 5, 'https://firebasestorage.googleapis.com:443/v0/b/cmcapp-c8274.appspot.com/o/guestapple@guestapple.com%2Fprofile_picture?alt=media&token=a5dc0345-d9eb-4173-9f66-43dfaf11202e');
INSERT INTO `instruction` (id, points, banner) VALUES (73, 10, 'https://firebasestorage.googleapis.com:443/v0/b/cmcapp-c8274.appspot.com/o/guestapple@guestapple.com%2Fprofile_picture?alt=media&token=a5dc0345-d9eb-4173-9f66-43dfaf11202e');
INSERT INTO `instruction` (id, points, banner) VALUES (74, 11, 'https://firebasestorage.googleapis.com:443/v0/b/cmcapp-c8274.appspot.com/o/guestapple@guestapple.com%2Fprofile_picture?alt=media&token=a5dc0345-d9eb-4173-9f66-43dfaf11202e');

-- act 75
INSERT INTO `activity` (activity_type, language, name, description, start_date, end_date, activity_id) VALUES (5,'EN', 'Quiz audio 1', 'Quiz with audio questions', '2021-08-06 00:00:00', '2021-11-06 03:00:00', null);
INSERT INTO `review` (id, points) VALUES (75, 50);
INSERT INTO `quiz` (id) VALUES (75);
INSERT INTO `review_audience` (review_id, audience_id) VALUES (75,1), (75,2), (75,3);

-- question 13
INSERT INTO `question` (question_type, option_display_type, language, question, resource) VALUES (1, 1, 'EN', 'how many wheels does this vehicle has?', 'https://images.freejpg.com.ar/900/2606/bike-wheels-display-glass-window-big-motorcycle-F100027929.jpg');

INSERT INTO `question` (question_type, option_display_type, language, question, resource) VALUES (2, 0, 'EN', 'Who is the author of this classic song?', 'https://file-examples-com.github.io/uploads/2017/11/file_example_MP3_700KB.mp3');

INSERT INTO `question` (question_type, option_display_type, language, question, resource) VALUES (0, 0, 'EN', 'Which of the following song was written by Juan Gabriel', null);

-- question_option 28
INSERT INTO `question_option` (question_id, option_type, correct, value, resource) VALUES (13, 0, true, "2", null);
INSERT INTO `question_option` (question_id, option_type, correct, value, resource) VALUES (13, 0, false, "3", null);
INSERT INTO `question_option` (question_id, option_type, correct, value, resource) VALUES (13, 0, false, "4", null);
INSERT INTO `question_option` (question_id, option_type, correct, value, resource) VALUES (13, 0, false, "5", null);
INSERT INTO `question_option` (question_id, option_type, correct, value, resource) VALUES (13, 0, false, "6", null);

INSERT INTO `question_option` (question_id, option_type, correct, value, resource) VALUES (14, 0, false, "Hector Lavoe", null);
INSERT INTO `question_option` (question_id, option_type, correct, value, resource) VALUES (14, 0, false, "Willy Colon", null);
INSERT INTO `question_option` (question_id, option_type, correct, value, resource) VALUES (14, 0, true, "Oscar de Leon", null);
INSERT INTO `question_option` (question_id, option_type, correct, value, resource) VALUES (14, 0, false, "Chi Chi Peralta", null);
INSERT INTO `question_option` (question_id, option_type, correct, value, resource) VALUES (14, 0, false, "Ruben Blades", null);

INSERT INTO `question_option` (question_id, option_type, correct, value, resource) VALUES (15, 2, false, null, 'https://file-examples-com.github.io/uploads/2017/11/file_example_MP3_700KB.mp3');
INSERT INTO `question_option` (question_id, option_type, correct, value, resource) VALUES (15, 2, true, null, 'https://file-examples-com.github.io/uploads/2017/11/file_example_MP3_700KB.mp3');
INSERT INTO `question_option` (question_id, option_type, correct, value, resource) VALUES (15, 2, false, null, 'https://file-examples-com.github.io/uploads/2017/11/file_example_MP3_700KB.mp3');
INSERT INTO `question_option` (question_id, option_type, correct, value, resource) VALUES (15, 2, false, null, 'https://file-examples-com.github.io/uploads/2017/11/file_example_MP3_700KB.mp3');

INSERT INTO `review_question` (review_id, question_id, points) VALUES (75, 10, 10), (75, 11, 10), (75, 13, 10), (75, 14, 10), (75, 15, 10);

-- act 76
INSERT INTO `activity` (activity_type, language, name, description, start_date, end_date, activity_id) VALUES (5,'EN', 'Quiz audio 2', 'Quiz with audio questions', '2021-08-06 00:00:00', '2021-11-06 03:00:00', null);
INSERT INTO `review` (id, points) VALUES (76, 50);
INSERT INTO `quiz` (id) VALUES (76);
INSERT INTO `review_audience` (review_id, audience_id) VALUES (76,1), (76,2), (76,3);
INSERT INTO `review_question` (review_id, question_id, points) VALUES (76, 10, 10), (76, 11, 10), (76, 13, 10), (76, 14, 10), (76, 15, 10);

-- act 77
INSERT INTO `activity` (activity_type, language, name, description, start_date, end_date, activity_id) VALUES (5,'EN', 'Quiz audio 3', 'Quiz with audio questions', '2021-08-06 00:00:00', '2021-11-06 03:00:00', null);
INSERT INTO `review` (id, points) VALUES (77, 100);
INSERT INTO `quiz` (id) VALUES (77);
INSERT INTO `review_audience` (review_id, audience_id) VALUES (77,1), (77,2), (77,3);
INSERT INTO `review_question` (review_id, question_id, points) VALUES (77, 10, 20), (77, 11, 20), (77, 13, 20), (77, 14, 20), (77, 15, 20);

-- act 78
INSERT INTO `activity` (activity_type, language, name, description, start_date, end_date, activity_id) VALUES (5,'EN', 'Quiz video 1', 'Quiz with video questions', '2021-08-06 00:00:00', '2021-11-06 03:00:00', null);
INSERT INTO `review` (id, points) VALUES (78, 50);
INSERT INTO `quiz` (id) VALUES (78);
INSERT INTO `review_audience` (review_id, audience_id) VALUES (78,1), (78,2), (78,3);

-- question 17
INSERT INTO `question` (question_type, option_display_type, language, question, resource) VALUES (3, 0, 'EN', 'which of the following song is on this video', 'http://commondatastorage.googleapis.com/gtv-videos-bucket/sample/ForBiggerBlazes.mp4');

INSERT INTO `question_option` (question_id, option_type, correct, value, resource) VALUES (16, 2, false, null, 'https://file-examples-com.github.io/uploads/2017/11/file_example_MP3_700KB.mp3');
INSERT INTO `question_option` (question_id, option_type, correct, value, resource) VALUES (16, 2, true, null, 'https://file-examples-com.github.io/uploads/2017/11/file_example_MP3_700KB.mp3');
INSERT INTO `question_option` (question_id, option_type, correct, value, resource) VALUES (16, 2, false, null, 'https://file-examples-com.github.io/uploads/2017/11/file_example_MP3_700KB.mp3');
INSERT INTO `question_option` (question_id, option_type, correct, value, resource) VALUES (16, 2, false, null, 'https://file-examples-com.github.io/uploads/2017/11/file_example_MP3_700KB.mp3');

INSERT INTO `review_question` (review_id, question_id, points) VALUES (78, 16, 20), (78, 15, 10), (78, 14, 10), (78, 13, 10);


-- act 116
INSERT INTO `activity` (activity_type, language, name, description, start_date, end_date, activity_id) VALUES (5,'EN', 'Quiz audio slider', 'Quiz audio slider', '2021-08-06 00:00:00', '2021-11-06 03:00:00', null);
INSERT INTO `review` (id, points) VALUES (116, 50);
INSERT INTO `quiz` (id) VALUES (116);
INSERT INTO `review_audience` (review_id, audience_id) VALUES (116,1), (116,2), (116,3);

-- question 17
INSERT INTO `question` (question_type, option_display_type, language, question, resource) VALUES (2, 1, 'EN', 'How many prices did this song win?', 'https://file-examples-com.github.io/uploads/2017/11/file_example_MP3_700KB.mp3');

INSERT INTO `question_option` (question_id, option_type, correct, value, resource) VALUES (28, 0, false,'1', null);
INSERT INTO `question_option` (question_id, option_type, correct, value, resource) VALUES (28, 0, true, '2', null);
INSERT INTO `question_option` (question_id, option_type, correct, value, resource) VALUES (28, 0, false,'3', null);
INSERT INTO `question_option` (question_id, option_type, correct, value, resource) VALUES (28, 0, false,'4', null);

INSERT INTO `review_question` (review_id, question_id, points) VALUES (116, 28, 20), (116, 27, 10), (116, 25, 10), (116, 25, 10);
